dataset,param_tag,root_features_dropped,tgb_acc_baseline,tgb_acc_ablated,gosdt_acc_baseline,gosdt_acc_ablated,overlap_baseline,overlap_ablated
bike,nest100_depth1,hr,0.872554660529344,0.7235327963176065,0.8524165707710012,0.7232451093210587,0.8333333333333334,0.8
bike,nest100_depth2,hr,0.8909666283084005,0.7373417721518988,0.8771576524741082,0.7243958573072498,0.375,1.0
bike,nest100_depth3,hr,0.8875143843498274,0.7350402761795167,0.8783084004602992,0.7252589182968929,0.5,0.8
bike,nest10_depth1,hr,0.770138089758343,0.6467203682393556,0.770138089758343,0.6467203682393556,1.0,1.0
bike,nest10_depth2,hr,0.8564441887226697,0.6703107019562716,0.8492520138089759,0.6685845799769851,0.8,0.6666666666666666
bike,nest10_depth3,hr,0.8777330264672036,0.7255466052934407,0.8547180667433832,0.7269850402761795,0.5714285714285714,0.8
bike,nest15_depth1,hr,0.8060989643268124,0.6495972382048332,0.8060989643268124,0.6495972382048332,1.0,1.0
bike,nest15_depth2,hr,0.8621979286536249,0.6766398158803222,0.8604718066743383,0.6795166858457997,0.6666666666666666,0.75
bike,nest15_depth3,hr,0.8780207134637514,0.7238204833141542,0.8613348676639816,0.7269850402761795,0.7142857142857143,1.0
bike,nest200_depth1,hr,0.883199079401611,0.7327387802071347,0.8613348676639816,0.7261219792865362,0.7142857142857143,1.0
bike,nest200_depth2,hr,0.8906789413118527,0.7416570771001151,0.8406214039125431,0.7243958573072498,0.5,1.0
bike,nest200_depth3,hr,0.8889528193325662,0.748849252013809,0.8147295742232451,0.7022439585730725,0.4,0.4
bike,nest20_depth1,hr,0.8383199079401611,0.6467203682393556,0.8383199079401611,0.6481588032220944,1.0,0.5
bike,nest20_depth2,hr,0.8855005753739931,0.726409666283084,0.8676639815880323,0.7111622554660529,0.375,0.6666666666666666
bike,nest20_depth3,hr,0.8855005753739931,0.7238204833141542,0.8659378596087457,0.7304372842347526,0.5714285714285714,0.8333333333333334
bike,nest25_depth1,hr,0.8489643268124281,0.6815304948216341,0.8472382048331415,0.6800920598388953,0.75,1.0
bike,nest25_depth2,hr,0.8817606444188723,0.7252589182968929,0.8676639815880323,0.7117376294591484,0.375,0.6666666666666666
bike,nest25_depth3,hr,0.8837744533947065,0.7269850402761795,0.8716915995397008,0.7232451093210587,0.625,1.0
bike,nest30_depth1,hr,0.8616225546605294,0.6809551208285386,0.8512658227848101,0.6800920598388953,0.8,1.0
bike,nest30_depth2,hr,0.8857882623705409,0.7252589182968929,0.8682393555811277,0.7117376294591484,0.375,0.6666666666666666
bike,nest30_depth3,hr,0.8829113924050633,0.7266973532796318,0.869102416570771,0.7258342922899885,0.7142857142857143,1.0
bike,nest35_depth1,hr,0.8656501726121979,0.7174913693901036,0.8518411967779056,0.7126006904487917,0.8,0.75
bike,nest35_depth2,hr,0.8803222094361335,0.7197928653624857,0.8558688147295742,0.714614499424626,0.5714285714285714,0.8
bike,nest35_depth3,hr,0.8855005753739931,0.7272727272727273,0.8719792865362486,0.7266973532796318,0.5,0.8333333333333334
bike,nest40_depth1,hr,0.8650747986191024,0.7160529344073648,0.8518411967779056,0.7126006904487917,0.8,0.75
bike,nest40_depth2,hr,0.8837744533947065,0.7330264672036824,0.8722669735327964,0.7203682393555811,0.5,1.0
bike,nest40_depth3,hr,0.8857882623705409,0.7295742232451093,0.8783084004602992,0.7261219792865362,0.5,0.8
bike,nest5_depth2,hr,0.8158803222094362,0.6475834292289988,0.8147295742232451,0.6475834292289988,0.6666666666666666,0.5
bike,nest5_depth3,hr,0.8584579976985041,0.7163406214039125,0.8524165707710012,0.7160529344073648,1.0,1.0
breast_cancer,nest100_depth1,perimeter_worst,0.9736842105263158,0.9736842105263158,0.9473684210526315,0.9298245614035088,0.5,0.4444444444444444
breast_cancer,nest100_depth2,radius_worst,0.9649122807017544,0.9649122807017544,0.9473684210526315,0.956140350877193,0.38461538461538464,0.4
breast_cancer,nest100_depth3,perimeter_worst,0.9649122807017544,0.9649122807017544,0.9298245614035088,0.9298245614035088,0.625,0.7142857142857143
breast_cancer,nest10_depth1,perimeter_worst,0.9298245614035088,0.9122807017543859,0.9298245614035088,0.9122807017543859,1.0,1.0
breast_cancer,nest10_depth2,radius_worst,0.9649122807017544,0.9649122807017544,0.9649122807017544,0.956140350877193,0.7,0.8571428571428571
breast_cancer,nest10_depth3,perimeter_worst,0.9649122807017544,0.956140350877193,0.9210526315789473,0.9210526315789473,0.5,0.5555555555555556
breast_cancer,nest15_depth1,perimeter_worst,0.9385964912280702,0.9385964912280702,0.9385964912280702,0.9385964912280702,0.75,1.0
breast_cancer,nest15_depth2,radius_worst,0.956140350877193,0.956140350877193,0.9649122807017544,0.956140350877193,0.46153846153846156,0.45454545454545453
breast_cancer,nest15_depth3,perimeter_worst,0.956140350877193,0.9649122807017544,0.9385964912280702,0.9385964912280702,0.5454545454545454,0.7
breast_cancer,nest200_depth1,perimeter_worst,0.9824561403508771,0.9824561403508771,0.9473684210526315,0.9473684210526315,0.6,0.4444444444444444
breast_cancer,nest200_depth2,radius_worst,0.9649122807017544,0.9736842105263158,0.956140350877193,0.9298245614035088,0.5454545454545454,0.4444444444444444
breast_cancer,nest200_depth3,perimeter_worst,0.956140350877193,0.956140350877193,0.9298245614035088,0.9298245614035088,0.5555555555555556,0.75
breast_cancer,nest20_depth1,perimeter_worst,0.9473684210526315,0.9473684210526315,0.9473684210526315,0.956140350877193,0.8,0.75
breast_cancer,nest20_depth2,radius_worst,0.956140350877193,0.9736842105263158,0.9649122807017544,0.9473684210526315,0.38461538461538464,0.4
breast_cancer,nest20_depth3,perimeter_worst,0.9649122807017544,0.9736842105263158,0.9385964912280702,0.9210526315789473,0.6666666666666666,0.6666666666666666
breast_cancer,nest25_depth1,perimeter_worst,0.9649122807017544,0.9649122807017544,0.9298245614035088,0.956140350877193,0.6666666666666666,0.6
breast_cancer,nest25_depth2,radius_worst,0.956140350877193,0.9736842105263158,0.9035087719298246,0.9385964912280702,0.6666666666666666,0.6
breast_cancer,nest25_depth3,perimeter_worst,0.9649122807017544,0.9649122807017544,0.9210526315789473,0.9210526315789473,0.6363636363636364,0.6363636363636364
breast_cancer,nest30_depth1,perimeter_worst,0.9736842105263158,0.956140350877193,0.9210526315789473,0.9385964912280702,0.7142857142857143,0.8333333333333334
breast_cancer,nest30_depth2,radius_worst,0.9649122807017544,0.9649122807017544,0.9385964912280702,0.9385964912280702,0.5,0.6
breast_cancer,nest30_depth3,perimeter_worst,0.9649122807017544,0.9649122807017544,0.9122807017543859,0.9122807017543859,0.6363636363636364,0.5833333333333334
breast_cancer,nest35_depth1,perimeter_worst,0.956140350877193,0.9473684210526315,0.9210526315789473,0.9385964912280702,0.8333333333333334,1.0
breast_cancer,nest35_depth2,radius_worst,0.9649122807017544,0.9736842105263158,0.9210526315789473,0.9385964912280702,0.6666666666666666,0.5
breast_cancer,nest35_depth3,perimeter_worst,0.9649122807017544,0.9649122807017544,0.9298245614035088,0.9210526315789473,0.5833333333333334,0.5
breast_cancer,nest40_depth1,perimeter_worst,0.956140350877193,0.9649122807017544,0.9210526315789473,0.9385964912280702,0.7142857142857143,1.0
breast_cancer,nest40_depth2,radius_worst,0.9649122807017544,0.9649122807017544,0.9385964912280702,0.9473684210526315,0.5,0.6
breast_cancer,nest40_depth3,perimeter_worst,0.956140350877193,0.956140350877193,0.9210526315789473,0.9210526315789473,0.6153846153846154,0.5
breast_cancer,nest5_depth1,perimeter_worst,0.9385964912280702,0.9473684210526315,0.9473684210526315,0.9473684210526315,0.75,1.0
breast_cancer,nest5_depth2,perimeter_worst,0.956140350877193,0.956140350877193,0.956140350877193,0.956140350877193,0.6,0.75
breast_cancer,nest5_depth3,perimeter_worst,0.9298245614035088,0.9385964912280702,0.9298245614035088,0.9385964912280702,0.7777777777777778,0.7142857142857143
compas,nest100_depth1,priors_count,0.6903039073806078,0.6287988422575976,0.6772793053545586,0.6295224312590448,0.6666666666666666,1.0
compas,nest100_depth2,priors_count,0.6837916063675832,0.630246020260492,0.6772793053545586,0.6295224312590448,0.6666666666666666,1.0
compas,nest100_depth3,priors_count,0.6837916063675832,0.630246020260492,0.6772793053545586,0.6164978292329957,0.6666666666666666,1.0
compas,nest10_depth1,priors_count,0.6751085383502171,0.5636758321273516,0.6751085383502171,0.5636758321273516,1.0,1.0
compas,nest10_depth2,priors_count,0.670767004341534,0.5636758321273516,0.670767004341534,0.5636758321273516,1.0,1.0
compas,nest10_depth3,priors_count,0.6736613603473227,0.6063675832127352,0.6743849493487699,0.6063675832127352,0.6666666666666666,1.0
compas,nest15_depth1,priors_count,0.6751085383502171,0.5636758321273516,0.6751085383502171,0.5636758321273516,1.0,1.0
compas,nest15_depth2,priors_count,0.6714905933429812,0.5636758321273516,0.6693198263386396,0.5636758321273516,1.0,1.0
compas,nest15_depth3,priors_count,0.6780028943560058,0.6063675832127352,0.6758321273516642,0.6063675832127352,0.6666666666666666,1.0
compas,nest200_depth1,priors_count,0.6808972503617945,0.605643994211288,0.6693198263386396,0.605643994211288,1.0,1.0
compas,nest200_depth2,priors_count,0.6837916063675832,0.6287988422575976,0.6772793053545586,0.613603473227207,0.6666666666666666,1.0
compas,nest200_depth3,priors_count,0.6837916063675832,0.6287988422575976,0.6765557163531114,0.625904486251809,0.6666666666666666,1.0
compas,nest20_depth1,priors_count,0.6693198263386396,0.605643994211288,0.6685962373371924,0.605643994211288,1.0,1.0
compas,nest20_depth2,priors_count,0.6816208393632417,0.605643994211288,0.6693198263386396,0.605643994211288,1.0,1.0
compas,nest20_depth3,priors_count,0.6758321273516642,0.6063675832127352,0.6772793053545586,0.6063675832127352,0.6666666666666666,1.0
compas,nest25_depth1,priors_count,0.678726483357453,0.605643994211288,0.6700434153400868,0.605643994211288,1.0,1.0
compas,nest25_depth2,priors_count,0.6816208393632417,0.605643994211288,0.6693198263386396,0.605643994211288,1.0,1.0
compas,nest25_depth3,priors_count,0.6881331403762663,0.6280752532561505,0.6772793053545586,0.6295224312590448,0.6666666666666666,1.0
compas,nest30_depth1,priors_count,0.678726483357453,0.605643994211288,0.6700434153400868,0.605643994211288,1.0,1.0
compas,nest30_depth2,priors_count,0.6816208393632417,0.605643994211288,0.6693198263386396,0.605643994211288,1.0,1.0
compas,nest30_depth3,priors_count,0.6837916063675832,0.6287988422575976,0.6758321273516642,0.6295224312590448,0.6666666666666666,1.0
compas,nest35_depth1,priors_count,0.678726483357453,0.605643994211288,0.6700434153400868,0.605643994211288,1.0,1.0
compas,nest35_depth2,priors_count,0.6866859623733719,0.61794500723589,0.6743849493487699,0.6107091172214182,0.6666666666666666,1.0
compas,nest35_depth3,priors_count,0.6852387843704776,0.6287988422575976,0.6772793053545586,0.6295224312590448,0.6666666666666666,1.0
compas,nest40_depth1,priors_count,0.683068017366136,0.605643994211288,0.6714905933429812,0.605643994211288,1.0,1.0
compas,nest40_depth2,priors_count,0.6816208393632417,0.605643994211288,0.6693198263386396,0.605643994211288,1.0,1.0
compas,nest40_depth3,priors_count,0.6866859623733719,0.630246020260492,0.6758321273516642,0.625904486251809,0.6666666666666666,1.0
compas,nest5_depth2,priors_count,0.6729377713458755,0.5636758321273516,0.6729377713458755,0.5636758321273516,1.0,1.0
compas,nest5_depth3,priors_count,0.6772793053545586,0.6063675832127352,0.6743849493487699,0.6063675832127352,0.6666666666666666,1.0
creditcard_fraud,nest100_depth2,V17,0.9983673326077034,0.9993153330290369,0.9982795547909132,0.9982795547909132,0.0,0.0
creditcard_fraud,nest100_depth3,V17,0.9983673326077034,0.9982619992275552,0.9982795547909132,0.9982795547909132,0.0,0.0
creditcard_fraud,nest10_depth2,V17,0.9983673326077034,0.9993153330290369,0.9982795547909132,0.9982795547909132,0.0,0.0
creditcard_fraud,nest10_depth3,V17,0.9983673326077034,0.9982795547909132,0.9982795547909132,0.9982795547909132,0.0,0.0
creditcard_fraud,nest15_depth2,V17,0.9983673326077034,0.9993153330290369,0.9982795547909132,0.9982795547909132,0.0,0.0
creditcard_fraud,nest15_depth3,V17,0.9983497770443454,0.9982795547909132,0.9982795547909132,0.9982795547909132,0.0,0.0
creditcard_fraud,nest200_depth2,V17,0.9983673326077034,0.9993153330290369,0.9982795547909132,0.9982795547909132,0.0,0.0
creditcard_fraud,nest200_depth3,V17,0.9983673326077034,0.9982619992275552,0.9982795547909132,0.9982795547909132,0.0,0.0
creditcard_fraud,nest20_depth2,V17,0.9983673326077034,0.9993153330290369,0.9982795547909132,0.9982795547909132,0.0,0.0
creditcard_fraud,nest20_depth3,V17,0.9983673326077034,0.9982795547909132,0.9982795547909132,0.9982795547909132,0.0,0.0
creditcard_fraud,nest25_depth2,V17,0.9983673326077034,0.9993153330290369,0.9982795547909132,0.9982795547909132,0.0,0.0
creditcard_fraud,nest25_depth3,V17,0.9983673326077034,0.9982619992275552,0.9982795547909132,0.9982795547909132,0.0,0.0
creditcard_fraud,nest30_depth2,V17,0.9983673326077034,0.9993153330290369,0.9982795547909132,0.9982795547909132,0.0,0.0
creditcard_fraud,nest30_depth3,V17,0.9983673326077034,0.9982619992275552,0.9982795547909132,0.9982795547909132,0.0,0.0
creditcard_fraud,nest35_depth2,V17,0.9983673326077034,0.9993153330290369,0.9982795547909132,0.9982795547909132,0.0,0.0
creditcard_fraud,nest35_depth3,V17,0.9983673326077034,0.9982619992275552,0.9982795547909132,0.9982795547909132,0.0,0.0
creditcard_fraud,nest40_depth2,V17,0.9983673326077034,0.9993153330290369,0.9982795547909132,0.9982795547909132,0.0,0.0
creditcard_fraud,nest40_depth3,V17,0.9983673326077034,0.9982619992275552,0.9982795547909132,0.9982795547909132,0.0,0.0
creditcard_fraud,nest5_depth2,V17,0.9983673326077034,0.9993153330290369,0.9982795547909132,0.9982795547909132,0.0,0.0
creditcard_fraud,nest5_depth3,V17,0.9983673326077034,0.9982795547909132,0.9982795547909132,0.9982795547909132,0.0,0.0
creditcard_fraud_smote,nest100_depth1,V14,0.9585847594552709,0.9468900100020884,0.9493520625185479,0.9377452435123818,0.5714285714285714,0.42857142857142855
creditcard_fraud_smote,nest100_depth2,V14,0.9634868818764357,0.9585188116200086,0.9316890339741265,0.9134654488299755,0.3333333333333333,0.4
creditcard_fraud_smote,nest10_depth1,V14,0.9252041635066662,0.8801947659401413,0.9252041635066662,0.8801947659401413,1.0,1.0
creditcard_fraud_smote,nest10_depth2,V14,0.9373055912772996,0.9283256943757487,0.9370088260186192,0.9267869115529616,0.8,0.6666666666666666
creditcard_fraud_smote,nest10_depth3,V14,0.9558918895153933,0.943372792121432,0.9505720974709005,0.9369318868774799,0.5,0.8
creditcard_fraud_smote,nest15_depth1,V14,0.9311834339037821,0.9039030127169408,0.9317110165858805,0.9040129257757115,1.0,1.0
creditcard_fraud_smote,nest15_depth2,V14,0.9500994713181873,0.9407568613226938,0.9435706356272189,0.9368329651245865,0.8333333333333334,0.8
creditcard_fraud_smote,nest15_depth3,V14,0.9579142897967707,0.9497587408359988,0.9507919235884416,0.9414932788164562,0.625,0.5714285714285714
creditcard_fraud_smote,nest20_depth1,V14,0.9310955034567657,0.902441169035293,0.9316340774447412,0.9025510820940637,1.0,1.0
creditcard_fraud_smote,nest20_depth2,V14,0.9535067761400732,0.945746914190875,0.9472966883195393,0.9404051395346281,0.7142857142857143,0.5
creditcard_fraud_smote,nest20_depth3,V14,0.958837559490443,0.9495169321067036,0.9336674690319957,0.9224563370374034,0.42857142857142855,0.25
creditcard_fraud_smote,nest25_depth1,V14,0.9439443400270386,0.9226981457666985,0.9420758180279399,0.9225552587902969,1.0,1.0
creditcard_fraud_smote,nest25_depth2,V14,0.9553643068332949,0.9480660797309328,0.9472966883195393,0.9405700091227839,0.7142857142857143,0.5
creditcard_fraud_smote,nest25_depth3,V14,0.9593981160901727,0.9497037843066135,0.9316230861388641,0.9272265637880437,0.3333333333333333,0.5
creditcard_fraud_smote,nest30_depth1,V14,0.9440102878623009,0.92302788494301,0.9394598872292017,0.9222694848374935,1.0,1.0
creditcard_fraud_smote,nest30_depth2,V14,0.9559248634330245,0.9471867752607688,0.9472966883195393,0.9388553654059639,0.7142857142857143,0.6666666666666666
creditcard_fraud_smote,nest30_depth3,V14,0.9595849682900826,0.9531660456578847,0.9316340774447412,0.9273694507644453,0.3333333333333333,0.5
creditcard_fraud_smote,nest35_depth1,V14,0.945527088073334,0.9239951198601906,0.9424275398160056,0.9244127894835186,1.0,1.0
creditcard_fraud_smote,nest35_depth2,V14,0.9574856288675657,0.9512865323529088,0.9392290698057836,0.9476484101076049,0.5714285714285714,0.4444444444444444
creditcard_fraud_smote,nest35_depth3,V14,0.9607170727954188,0.9529791934579748,0.9316230861388641,0.9138281619239181,0.3333333333333333,0.4
creditcard_fraud_smote,nest40_depth1,V14,0.9441202009210714,0.9233905980369528,0.9420758180279399,0.922808058825469,1.0,1.0
creditcard_fraud_smote,nest40_depth2,V14,0.9589914377727218,0.9510667062353678,0.9332278167969137,0.9484397841307526,0.5,0.4444444444444444
creditcard_fraud_smote,nest40_depth3,V14,0.9607830206306811,0.9561666721623197,0.9316230861388641,0.9138281619239181,0.3333333333333333,0.4
creditcard_fraud_smote,nest5_depth2,V14,0.9292929292929293,0.8467811960739056,0.9289302161989866,0.8467811960739056,1.0,1.0
creditcard_fraud_smote,nest5_depth3,V14,0.9524516107758763,0.934370912608127,0.9475384970488344,0.9306778338334377,0.5,0.6
diabetes,nest100_depth1,number_inpatient,0.6333398840522747,0.6050899086174708,0.6258229340670138,0.5968851331433624,0.5,0.7142857142857143
diabetes,nest100_depth2,number_inpatient,0.6378598801218434,0.6122138154662474,0.6243981526972585,0.5957060037339098,0.3,0.6666666666666666
diabetes,nest100_depth3,number_inpatient,0.6383020536503882,0.6111329468409158,0.6227277193672005,0.5841112312076251,0.5,0.375
diabetes,nest10_depth2,num_medications,0.7,0.6833333333333333,0.7833333333333333,0.6833333333333333,0.6153846153846154,0.6
diabetes,nest10_depth3,num_medications,0.7333333333333333,0.7166666666666667,0.7333333333333333,0.7,0.4666666666666667,0.5454545454545454
diabetes,nest15_depth1,num_medications,0.6333333333333333,0.6166666666666667,0.6333333333333333,0.6166666666666667,1.0,1.0
diabetes,nest15_depth2,num_medications,0.6833333333333333,0.6833333333333333,0.7833333333333333,0.6833333333333333,0.6153846153846154,0.6
diabetes,nest15_depth3,num_medications,0.7166666666666667,0.7166666666666667,0.7333333333333333,0.7,0.5714285714285714,0.5
diabetes,nest200_depth1,number_inpatient,0.6368772722806328,0.6091677311584947,0.624349022305198,0.5953620909894861,0.4,0.7
diabetes,nest200_depth2,number_inpatient,0.6378598801218434,0.6117225115456422,0.6227277193672005,0.5841112312076251,0.5,0.375
diabetes,nest200_depth3,number_inpatient,0.6375650977694802,0.6099538174314632,0.6227277193672005,0.5841112312076251,0.5,0.375
diabetes,nest20_depth1,num_medications,0.6333333333333333,0.6166666666666667,0.6333333333333333,0.6166666666666667,1.0,1.0
diabetes,nest20_depth2,num_medications,0.7,0.6833333333333333,0.7,0.6833333333333333,0.5714285714285714,0.6363636363636364
diabetes,nest20_depth3,num_medications,0.6833333333333333,0.7166666666666667,0.7333333333333333,0.7,0.5714285714285714,0.6363636363636364
diabetes,nest25_depth1,num_medications,0.65,0.6333333333333333,0.65,0.6333333333333333,1.0,1.0
diabetes,nest25_depth2,num_medications,0.7,0.6666666666666666,0.7,0.6666666666666666,0.5714285714285714,0.35714285714285715
diabetes,nest25_depth3,num_medications,0.6833333333333333,0.7,0.7166666666666667,0.7166666666666667,0.4375,0.5454545454545454
diabetes,nest30_depth1,num_medications,0.6833333333333333,0.6166666666666667,0.65,0.6333333333333333,0.8333333333333334,0.8
diabetes,nest30_depth2,num_medications,0.6833333333333333,0.65,0.6833333333333333,0.6666666666666666,0.3888888888888889,0.42857142857142855
diabetes,nest30_depth3,num_medications,0.7166666666666667,0.65,0.7166666666666667,0.7,0.3157894736842105,0.5384615384615384
diabetes,nest35_depth1,num_medications,0.6333333333333333,0.5833333333333334,0.6333333333333333,0.6,0.8571428571428571,0.5714285714285714
diabetes,nest35_depth2,num_medications,0.6833333333333333,0.6666666666666666,0.6833333333333333,0.6666666666666666,0.3888888888888889,0.3333333333333333
diabetes,nest35_depth3,num_medications,0.7166666666666667,0.6833333333333333,0.6833333333333333,0.7166666666666667,0.2777777777777778,0.5
diabetes,nest40_depth1,number_inpatient,0.6253807605384691,0.5863220988503488,0.6239559791687138,0.5863220988503488,0.8,1.0
diabetes,nest40_depth2,number_inpatient,0.6358455340473617,0.6057777341063182,0.6271003242605876,0.5957060037339098,0.5555555555555556,0.6666666666666666
diabetes,nest40_depth3,number_inpatient,0.6375650977694802,0.6112312076250368,0.6271003242605876,0.5871573155153779,0.5555555555555556,0.45454545454545453
diabetes,nest5_depth2,num_medications,0.55,0.6,0.55,0.6,1.0,1.0
diabetes,nest5_depth3,num_medications,0.7166666666666667,0.7333333333333333,0.7333333333333333,0.7,0.6153846153846154,0.6
diabetes_smote,nest100_depth1,number_inpatient,0.6326251637523495,0.6060260864612406,0.6125192231018967,0.5854075297602096,0.5,0.6666666666666666
diabetes_smote,nest100_depth2,number_inpatient,0.6330238651250214,0.615879706100131,0.6128040097966623,0.5726490858347097,0.5714285714285714,0.4166666666666667
diabetes_smote,nest100_depth3,number_inpatient,0.6325112490744432,0.6128040097966623,0.6010707979723188,0.553454462607507,0.6,0.2857142857142857
diabetes_smote,nest10_depth2,number_inpatient,0.5993051204647719,0.5656433331434756,0.5984507603804751,0.5656433331434756,0.6666666666666666,1.0
diabetes_smote,nest10_depth3,number_inpatient,0.6123483510850373,0.5801674545765222,0.6073361052571624,0.5777182890015379,0.5,1.0
diabetes_smote,nest15_depth2,number_inpatient,0.6120066070513186,0.5801674545765222,0.6073361052571624,0.5777182890015379,0.5,0.8333333333333334
diabetes_smote,nest15_depth3,number_inpatient,0.6259041977558808,0.6027225608019593,0.6075069772740218,0.5795409238480378,0.5714285714285714,0.7142857142857143
diabetes_smote,nest200_depth1,number_inpatient,0.6330238651250214,0.6104118015606311,0.6125192231018967,0.5854075297602096,0.5,0.5
diabetes_smote,nest200_depth2,number_inpatient,0.6330238651250214,0.6145696873042091,0.6010707979723188,0.553454462607507,0.6,0.2857142857142857
diabetes_smote,nest200_depth3,number_inpatient,0.6322264623796776,0.615424047388506,0.6007860112775532,0.553454462607507,0.6,0.2857142857142857
diabetes_smote,nest20_depth2,number_inpatient,0.6212906533006778,0.5914450076892408,0.6145127299652561,0.5752691234265536,0.5,0.5555555555555556
diabetes_smote,nest20_depth3,number_inpatient,0.627385088568662,0.608532209375178,0.6109813749501624,0.5703138349376317,0.5,0.4
diabetes_smote,nest25_depth1,number_inpatient,0.6124622657629436,0.5670103092783505,0.6073361052571624,0.5549353534202882,0.8,0.75
diabetes_smote,nest25_depth2,number_inpatient,0.6262459417895996,0.5981659736857095,0.6075069772740218,0.575952611493991,0.5714285714285714,0.5
diabetes_smote,nest25_depth3,number_inpatient,0.626872472518084,0.6113800763228342,0.6109813749501624,0.5853505724212564,0.5,0.45454545454545453
diabetes_smote,nest30_depth1,number_inpatient,0.6123483510850373,0.5801674545765222,0.6073361052571624,0.5777182890015379,0.5,1.0
diabetes_smote,nest30_depth2,number_inpatient,0.6243093922651933,0.607165233240303,0.6037477929031155,0.5765221848835222,0.4444444444444444,0.5714285714285714
diabetes_smote,nest30_depth3,number_inpatient,0.6338212678703651,0.6089309107478499,0.6159366634390842,0.5753260807655066,0.5,0.5
diabetes_smote,nest35_depth1,number_inpatient,0.6056843424275218,0.5657572478213818,0.6012986273281312,0.5657002904824286,0.75,1.0
diabetes_smote,nest35_depth2,number_inpatient,0.6274420459076152,0.6077348066298343,0.6037477929031155,0.5781739477131629,0.4444444444444444,0.4444444444444444
diabetes_smote,nest35_depth3,number_inpatient,0.6335934385145526,0.6113800763228342,0.6098422281710999,0.5753260807655066,0.5555555555555556,0.5
diabetes_smote,nest40_depth1,number_inpatient,0.6123483510850373,0.5801674545765222,0.6073361052571624,0.5777182890015379,0.5,1.0
diabetes_smote,nest40_depth2,number_inpatient,0.6309734009227089,0.6077348066298343,0.6186706157088341,0.5823887907956941,0.4444444444444444,0.45454545454545453
diabetes_smote,nest40_depth3,number_inpatient,0.6330808224639745,0.6116648630175998,0.6099561428490061,0.5798257105428034,0.5555555555555556,0.5
diabetes_smote,nest5_depth2,number_inpatient,0.5969698695676938,0.5460500085436009,0.5969698695676938,0.5460500085436009,0.5,1.0
diabetes_smote,nest5_depth3,number_inpatient,0.6068804465455374,0.5716808110725067,0.6012986273281312,0.5716808110725067,0.6,1.0
heloc_original,nest100_depth1,ExternalRiskEstimate,0.7299235181644359,0.6988527724665392,0.6978967495219885,0.6955066921606119,0.5,0.6666666666666666
heloc_original,nest100_depth2,ExternalRiskEstimate,0.7289674952198852,0.7222753346080306,0.6902485659655831,0.6687380497131931,0.6,0.5
heloc_original,nest100_depth3,ExternalRiskEstimate,0.7280114722753346,0.7174952198852772,0.6907265774378585,0.6687380497131931,0.6,0.5
heloc_original,nest10_depth2,ExternalRiskEstimate,0.722753346080306,0.6677820267686424,0.7108030592734226,0.6687380497131931,0.6,1.0
heloc_original,nest10_depth3,ExternalRiskEstimate,0.7237093690248566,0.6735181644359465,0.7108030592734226,0.6696940726577438,0.8,1.0
heloc_original,nest15_depth1,ExternalRiskEstimate,0.7184512428298279,0.6457934990439771,0.7127151051625239,0.6472275334608031,0.6666666666666666,0.5
heloc_original,nest15_depth2,ExternalRiskEstimate,0.7265774378585086,0.7050669216061185,0.7088910133843213,0.7007648183556405,0.6666666666666666,0.8
heloc_original,nest15_depth3,ExternalRiskEstimate,0.7256214149139579,0.7151051625239006,0.7146271510516252,0.6935946462715105,0.5714285714285714,0.8
heloc_original,nest200_depth1,ExternalRiskEstimate,0.7294455066921606,0.719885277246654,0.7012428298279159,0.6878585086042065,0.5714285714285714,0.6666666666666666
heloc_original,nest200_depth2,ExternalRiskEstimate,0.7265774378585086,0.7179732313575525,0.6902485659655831,0.6687380497131931,0.6,0.5
heloc_original,nest200_depth3,ExternalRiskEstimate,0.7265774378585086,0.7237093690248566,0.6950286806883366,0.6687380497131931,0.6,0.5
heloc_original,nest20_depth1,ExternalRiskEstimate,0.7174952198852772,0.6472275334608031,0.7127151051625239,0.6472275334608031,0.6666666666666666,0.5
heloc_original,nest20_depth2,ExternalRiskEstimate,0.7251434034416826,0.7160611854684512,0.7045889101338432,0.6974187380497132,0.6666666666666666,1.0
heloc_original,nest20_depth3,ExternalRiskEstimate,0.7222753346080306,0.7103250478011472,0.7136711281070746,0.7002868068833652,0.5714285714285714,0.8
heloc_original,nest25_depth1,ExternalRiskEstimate,0.7222753346080306,0.6792543021032504,0.7170172084130019,0.6739961759082218,0.8,1.0
heloc_original,nest25_depth2,ExternalRiskEstimate,0.7308795411089866,0.7146271510516252,0.7045889101338432,0.6912045889101338,0.6666666666666666,0.8
heloc_original,nest25_depth3,ExternalRiskEstimate,0.7284894837476099,0.7151051625239006,0.7103250478011472,0.6988527724665392,0.8,0.8
heloc_original,nest30_depth1,ExternalRiskEstimate,0.7203632887189293,0.6668260038240917,0.7108030592734226,0.6658699808795411,0.8,0.75
heloc_original,nest30_depth2,ExternalRiskEstimate,0.7246653919694073,0.7088910133843213,0.7074569789674953,0.6912045889101338,0.42857142857142855,0.8
heloc_original,nest30_depth3,ExternalRiskEstimate,0.7280114722753346,0.7174952198852772,0.6998087954110899,0.6806883365200764,0.6,0.6666666666666666
heloc_original,nest35_depth1,ExternalRiskEstimate,0.731357552581262,0.6854684512428298,0.7117590822179732,0.6768642447418738,0.5,1.0
heloc_original,nest35_depth2,ExternalRiskEstimate,0.7260994263862333,0.7060229445506692,0.7002868068833652,0.6907265774378585,0.6666666666666666,0.8333333333333334
heloc_original,nest35_depth3,ExternalRiskEstimate,0.7246653919694073,0.7189292543021033,0.6907265774378585,0.6687380497131931,0.6,0.5
heloc_original,nest40_depth1,ExternalRiskEstimate,0.7304015296367112,0.6854684512428298,0.7160611854684512,0.6768642447418738,0.5,1.0
heloc_original,nest40_depth2,ExternalRiskEstimate,0.7251434034416826,0.7165391969407265,0.7002868068833652,0.6902485659655831,0.6666666666666666,0.8333333333333334
heloc_original,nest40_depth3,ExternalRiskEstimate,0.7270554493307839,0.7184512428298279,0.6998087954110899,0.6782982791586998,0.6,0.6666666666666666
heloc_original,nest5_depth3,ExternalRiskEstimate,0.7217973231357553,0.6830783938814532,0.7151051625239006,0.6720841300191205,0.6666666666666666,0.5
spambase,nest100_depth1,char_freq_$,0.9370249728555917,0.9261672095548317,0.9001085776330076,0.8990228013029316,0.38461538461538464,0.6363636363636364
spambase,nest100_depth2,char_freq_$,0.9326818675352877,0.9283387622149837,0.8805646036916395,0.8425624321389794,0.36363636363636365,0.3
spambase,nest100_depth3,char_freq_$,0.9305103148751357,0.9315960912052117,0.8479913137893594,0.8490770901194354,0.3,0.2727272727272727
spambase,nest10_depth1,char_freq_$,0.8707926167209555,0.8707926167209555,0.8740499457111836,0.8707926167209555,1.0,1.0
spambase,nest10_depth2,char_freq_$,0.8946796959826275,0.8783930510314875,0.8751357220412594,0.8925081433224755,0.5555555555555556,0.75
spambase,nest10_depth3,char_freq_$,0.9142236699239956,0.9131378935939196,0.8816503800217155,0.8968512486427795,0.5,0.6363636363636364
spambase,nest15_depth1,char_freq_$,0.8816503800217155,0.8859934853420195,0.8805646036916395,0.8697068403908795,1.0,1.0
spambase,nest15_depth2,char_freq_$,0.9044516829533116,0.8968512486427795,0.8892508143322475,0.8892508143322475,0.5454545454545454,0.9
spambase,nest15_depth3,char_freq_$,0.9196525515743756,0.9250814332247557,0.9011943539630836,0.9011943539630836,0.5,0.5833333333333334
spambase,nest200_depth1,char_freq_$,0.9370249728555917,0.9294245385450597,0.9001085776330076,0.8968512486427795,0.5,0.5833333333333334
spambase,nest200_depth2,char_freq_$,0.9326818675352877,0.9326818675352877,0.8490770901194354,0.8425624321389794,0.3,0.3
spambase,nest200_depth3,char_freq_$,0.9337676438653637,0.9294245385450597,0.8479913137893594,0.8490770901194354,0.3,0.2727272727272727
spambase,nest20_depth1,char_freq_$,0.9066232356134636,0.8968512486427795,0.8838219326818675,0.8925081433224755,1.0,1.0
spambase,nest20_depth2,char_freq_$,0.9109663409337676,0.9044516829533116,0.8914223669923995,0.8914223669923995,0.5454545454545454,0.9
spambase,nest20_depth3,char_freq_$,0.9305103148751357,0.9250814332247557,0.9022801302931596,0.9011943539630836,0.42857142857142855,0.6666666666666666
spambase,nest25_depth1,char_freq_$,0.9033659066232356,0.8957654723127035,0.8990228013029316,0.8946796959826275,0.625,1.0
spambase,nest25_depth2,char_freq_$,0.9239956568946797,0.9153094462540716,0.8979370249728555,0.8990228013029316,0.5,0.6363636363636364
spambase,nest25_depth3,char_freq_$,0.9315960912052117,0.9229098805646037,0.9022801302931596,0.8957654723127035,0.42857142857142855,0.75
spambase,nest30_depth1,char_freq_$,0.9098805646036916,0.9044516829533116,0.8957654723127035,0.8935939196525515,0.5,1.0
spambase,nest30_depth2,char_freq_$,0.9207383279044516,0.9174809989142236,0.8957654723127035,0.8990228013029316,0.5,0.6363636363636364
spambase,nest30_depth3,char_freq_$,0.9305103148751357,0.9250814332247557,0.9109663409337676,0.8957654723127035,0.46153846153846156,0.75
spambase,nest35_depth1,char_freq_$,0.9185667752442996,0.9087947882736156,0.8990228013029316,0.8957654723127035,0.5,0.8
spambase,nest35_depth2,char_freq_$,0.9239956568946797,0.9153094462540716,0.8979370249728555,0.8990228013029316,0.5,0.6363636363636364
spambase,nest35_depth3,char_freq_$,0.9359391965255157,0.9272529858849077,0.8794788273615635,0.8490770901194354,0.36363636363636365,0.2727272727272727
spambase,nest40_depth1,char_freq_$,0.9185667752442996,0.9087947882736156,0.8990228013029316,0.8957654723127035,0.5,0.8
spambase,nest40_depth2,char_freq_$,0.9294245385450597,0.9283387622149837,0.9044516829533116,0.8935939196525515,0.42857142857142855,0.5833333333333334
spambase,nest40_depth3,char_freq_$,0.9348534201954397,0.9261672095548317,0.8479913137893594,0.8490770901194354,0.3,0.2727272727272727
spambase,nest5_depth1,char_freq_$,0.8349619978284474,0.8295331161780674,0.8349619978284474,0.8295331161780674,1.0,1.0
spambase,nest5_depth2,char_freq_$,0.8968512486427795,0.8892508143322475,0.8805646036916395,0.8849077090119435,0.8571428571428571,0.8333333333333334
spambase,nest5_depth3,char_freq_$,0.9131378935939196,0.9153094462540716,0.8838219326818675,0.8979370249728555,0.6,0.7
