parameter,n_estimators,max_depth,feature,threshold,tree_count,total_binary_variables,importance
nest5_depth1,5,1,num_medications,15.5,3,2,0.6047
nest5_depth1,5,1,num_medications,10.5,2,2,0.3953
nest5_depth2,5,2,num_medications,15.5,5,2,0.6486
nest5_depth2,5,2,num_lab_procedures,95.5,10,2,0.3514
nest5_depth3,5,3,num_medications,15.5,3,22,0.1494
nest5_depth3,5,3,num_medications,10.5,2,22,0.1277
nest5_depth3,5,3,num_lab_procedures,95.5,3,22,0.0966
nest5_depth3,5,3,number_inpatient,0.5,3,22,0.0707
nest5_depth3,5,3,diag_3_250,0.5,2,22,0.0574
nest5_depth3,5,3,num_lab_procedures,88.5,2,22,0.0543
nest5_depth3,5,3,time_in_hospital,7.5,1,22,0.0495
nest5_depth3,5,3,discharge_disposition_id,1.5,1,22,0.0418
nest5_depth3,5,3,diag_3_599,0.5,1,22,0.0388
nest5_depth3,5,3,number_inpatient,1.5,1,22,0.0324
nest5_depth3,5,3,gender_Female,0.5,2,22,0.0305
nest5_depth3,5,3,admission_source_id,4.5,1,22,0.0296
nest5_depth3,5,3,diag_2_781,0.5,1,22,0.0262
nest5_depth3,5,3,race_?,0.5,1,22,0.0262
nest5_depth3,5,3,diag_1_574,0.5,1,22,0.0262
nest5_depth3,5,3,num_lab_procedures,55.5,1,22,0.0252
nest5_depth3,5,3,diag_2_250.6,0.5,1,22,0.0232
nest5_depth3,5,3,race_AfricanAmerican,0.5,1,22,0.0231
nest5_depth3,5,3,num_medications,9.5,1,22,0.0204
nest5_depth3,5,3,diag_3_682,0.5,1,22,0.0178
nest5_depth3,5,3,glyburide_No,0.5,1,22,0.0169
nest5_depth3,5,3,diag_1_493,0.5,1,22,0.016
nest10_depth1,10,1,num_medications,15.5,5,2,0.541
nest10_depth1,10,1,num_medications,10.5,5,2,0.459
nest10_depth2,10,2,num_medications,10.5,3,16,0.1556
nest10_depth2,10,2,num_medications,15.5,2,16,0.1406
nest10_depth2,10,2,time_in_hospital,7.5,4,16,0.1254
nest10_depth2,10,2,num_lab_procedures,95.5,4,16,0.121
nest10_depth2,10,2,number_inpatient,0.5,3,16,0.0992
nest10_depth2,10,2,diag_3_250,0.5,2,16,0.067
nest10_depth2,10,2,number_inpatient,1.5,2,16,0.0657
nest10_depth2,10,2,race_?,0.5,2,16,0.0454
nest10_depth2,10,2,num_lab_procedures,47.5,1,16,0.03
nest10_depth2,10,2,gender_Female,0.5,1,16,0.0284
nest10_depth2,10,2,admission_source_id,4.5,1,16,0.0283
nest10_depth2,10,2,diag_2_250.6,0.5,1,16,0.0232
nest10_depth2,10,2,diag_2_781,0.5,1,16,0.023
nest10_depth2,10,2,discharge_disposition_id,6.5,1,16,0.0159
nest10_depth2,10,2,age_[80-90),0.5,1,16,0.0158
nest10_depth2,10,2,diag_1_250.6,0.5,1,16,0.0155
nest10_depth3,10,3,num_medications,15.5,3,29,0.1018
nest10_depth3,10,3,num_medications,10.5,3,29,0.094
nest10_depth3,10,3,num_lab_procedures,95.5,6,29,0.0893
nest10_depth3,10,3,time_in_hospital,7.5,4,29,0.0825
nest10_depth3,10,3,number_inpatient,0.5,6,29,0.0619
nest10_depth3,10,3,diag_2_781,0.5,5,29,0.0529
nest10_depth3,10,3,diag_3_250,0.5,3,29,0.0469
nest10_depth3,10,3,num_lab_procedures,88.5,3,29,0.0451
nest10_depth3,10,3,race_?,0.5,3,29,0.0397
nest10_depth3,10,3,number_inpatient,1.5,3,29,0.0363
nest10_depth3,10,3,discharge_disposition_id,1.5,2,29,0.0337
nest10_depth3,10,3,admission_source_id,4.5,3,29,0.0306
nest10_depth3,10,3,num_medications,9.5,3,29,0.0289
nest10_depth3,10,3,gender_Female,0.5,2,29,0.026
nest10_depth3,10,3,diag_2_250.6,0.5,2,29,0.0253
nest10_depth3,10,3,diag_3_599,0.5,1,29,0.0225
nest10_depth3,10,3,race_AfricanAmerican,0.5,2,29,0.0199
nest10_depth3,10,3,diag_1_428,0.5,1,29,0.0181
nest10_depth3,10,3,gender_Male,0.5,1,29,0.0177
nest10_depth3,10,3,num_lab_procedures,50.5,1,29,0.017
nest10_depth3,10,3,diag_1_574,0.5,1,29,0.0152
nest10_depth3,10,3,num_lab_procedures,47.5,1,29,0.015
nest10_depth3,10,3,num_lab_procedures,55.5,1,29,0.0146
nest10_depth3,10,3,age_[80-90),0.5,1,29,0.0128
nest10_depth3,10,3,num_medications,17.5,1,29,0.0125
nest10_depth3,10,3,diag_3_682,0.5,1,29,0.0103
nest10_depth3,10,3,repaglinide_No,0.5,1,29,0.0102
nest10_depth3,10,3,discharge_disposition_id,4.5,2,29,0.01
nest10_depth3,10,3,diag_1_493,0.5,1,29,0.0093
nest15_depth1,15,1,num_medications,10.5,3,4,0.2879
nest15_depth1,15,1,num_medications,15.5,3,4,0.2773
nest15_depth1,15,1,time_in_hospital,7.5,2,4,0.2208
nest15_depth1,15,1,number_inpatient,1.5,2,4,0.214
nest15_depth2,15,2,num_medications,15.5,2,19,0.1294
nest15_depth2,15,2,num_lab_procedures,95.5,4,19,0.1261
nest15_depth2,15,2,num_medications,10.5,3,19,0.123
nest15_depth2,15,2,time_in_hospital,7.5,4,19,0.1159
nest15_depth2,15,2,number_inpatient,0.5,3,19,0.0783
nest15_depth2,15,2,number_inpatient,1.5,2,19,0.0684
nest15_depth2,15,2,diag_3_250,0.5,2,19,0.0683
nest15_depth2,15,2,num_lab_procedures,47.5,1,19,0.0415
nest15_depth2,15,2,admission_source_id,4.5,1,19,0.0385
nest15_depth2,15,2,race_?,0.5,2,19,0.0358
nest15_depth2,15,2,diag_2_250.6,0.5,1,19,0.0344
nest15_depth2,15,2,diag_2_781,0.5,1,19,0.0331
nest15_depth2,15,2,gender_Female,0.5,1,19,0.0224
nest15_depth2,15,2,discharge_disposition_id,6.5,1,19,0.0125
nest15_depth2,15,2,age_[80-90),0.5,1,19,0.0125
nest15_depth2,15,2,diag_1_250.6,0.5,1,19,0.0122
nest15_depth3,15,3,num_medications,15.5,3,33,0.0876
nest15_depth3,15,3,time_in_hospital,7.5,4,33,0.0806
nest15_depth3,15,3,num_lab_procedures,95.5,6,33,0.0766
nest15_depth3,15,3,num_medications,10.5,3,33,0.0763
nest15_depth3,15,3,number_inpatient,1.5,3,33,0.0512
nest15_depth3,15,3,diag_3_250,0.5,3,33,0.051
nest15_depth3,15,3,number_inpatient,0.5,5,33,0.0477
nest15_depth3,15,3,num_lab_procedures,88.5,3,33,0.0424
nest15_depth3,15,3,race_?,0.5,3,33,0.04
nest15_depth3,15,3,gender_Male,0.5,2,33,0.0316
nest15_depth3,15,3,admission_source_id,4.5,2,33,0.0315
nest15_depth3,15,3,diag_2_781,0.5,3,33,0.0289
nest15_depth3,15,3,num_lab_procedures,47.5,1,33,0.0285
nest15_depth3,15,3,diag_3_599,0.5,1,33,0.0285
nest15_depth3,15,3,discharge_disposition_id,1.5,2,33,0.026
nest15_depth3,15,3,diag_1_428,0.5,1,33,0.0247
nest15_depth3,15,3,num_lab_procedures,50.5,1,33,0.0233
nest15_depth3,15,3,num_medications,9.5,2,33,0.0223
nest15_depth3,15,3,age_[80-90),0.5,2,33,0.0213
nest15_depth3,15,3,diag_2_250.6,0.5,2,33,0.0195
nest15_depth3,15,3,race_AfricanAmerican,0.5,2,33,0.0192
nest15_depth3,15,3,num_medications,17.5,2,33,0.017
nest15_depth3,15,3,glyburide_No,0.5,2,33,0.0157
nest15_depth3,15,3,repaglinide_No,0.5,1,33,0.0135
nest15_depth3,15,3,discharge_disposition_id,4.5,1,33,0.0134
nest15_depth3,15,3,diag_1_574,0.5,1,33,0.0117
nest15_depth3,15,3,num_lab_procedures,55.5,1,33,0.0113
nest15_depth3,15,3,gender_Female,0.5,2,33,0.0098
nest15_depth3,15,3,diag_3_682,0.5,2,33,0.008
nest15_depth3,15,3,diag_1_493,0.5,1,33,0.0072
nest20_depth1,20,1,num_medications,10.5,3,4,0.2782
nest20_depth1,20,1,num_medications,15.5,3,4,0.2661
nest20_depth1,20,1,time_in_hospital,7.5,2,4,0.2408
nest20_depth1,20,1,number_inpatient,1.5,2,4,0.215
nest20_depth2,20,2,num_medications,10.5,3,23,0.1139
nest20_depth2,20,2,time_in_hospital,7.5,4,23,0.1123
nest20_depth2,20,2,num_medications,15.5,2,23,0.1095
nest20_depth2,20,2,num_lab_procedures,95.5,4,23,0.1067
nest20_depth2,20,2,number_inpatient,1.5,2,23,0.0749
nest20_depth2,20,2,diag_3_250,0.5,2,23,0.0684
nest20_depth2,20,2,number_inpatient,0.5,3,23,0.0663
nest20_depth2,20,2,race_?,0.5,2,23,0.0515
nest20_depth2,20,2,num_lab_procedures,47.5,1,23,0.047
nest20_depth2,20,2,diag_2_250.6,0.5,1,23,0.0391
nest20_depth2,20,2,admission_source_id,4.5,1,23,0.0326
nest20_depth2,20,2,diag_2_781,0.5,1,23,0.028
nest20_depth2,20,2,gender_Female,0.5,1,23,0.0189
nest20_depth2,20,2,discharge_disposition_id,6.5,1,23,0.0184
nest20_depth2,20,2,age_[80-90),0.5,1,23,0.0105
nest20_depth2,20,2,diag_1_250.6,0.5,1,23,0.0104
nest20_depth3,20,3,num_medications,15.5,4,31,0.0867
nest20_depth3,20,3,time_in_hospital,7.5,6,31,0.0797
nest20_depth3,20,3,num_medications,10.5,4,31,0.0752
nest20_depth3,20,3,num_lab_procedures,95.5,5,31,0.0692
nest20_depth3,20,3,number_inpatient,0.5,5,31,0.0585
nest20_depth3,20,3,number_inpatient,1,4,31,0.0584
nest20_depth3,20,3,diag_3_250,0.5,3,31,0.053
nest20_depth3,20,3,discharge_disposition_id,1.5,3,31,0.0495
nest20_depth3,20,3,num_lab_procedures,88.5,3,31,0.0479
nest20_depth3,20,3,diag_3_599,0.5,2,31,0.047
nest20_depth3,20,3,race_?,0.5,3,31,0.0386
nest20_depth3,20,3,diag_2_781,0.5,3,31,0.0343
nest20_depth3,20,3,diag_2_250.6,0.5,1,31,0.0288
nest20_depth3,20,3,admission_source_id,4.5,2,31,0.0275
nest20_depth3,20,3,gender_Male,0.5,2,31,0.0275
nest20_depth3,20,3,diag_1_428,0.5,1,31,0.0235
nest20_depth3,20,3,age_[80-90),0.5,1,31,0.0194
nest20_depth3,20,3,metformin_Up,0.5,1,31,0.0182
nest20_depth3,20,3,num_lab_procedures,55.5,2,31,0.0173
nest20_depth3,20,3,num_medications,17.5,2,31,0.016
nest20_depth3,20,3,race_AfricanAmerican,0.5,2,31,0.0151
nest20_depth3,20,3,num_medications,9.5,1,31,0.0125
nest20_depth3,20,3,num_lab_procedures,50,1,31,0.0124
nest20_depth3,20,3,diag_2_250.12,0.5,1,31,0.0121
nest20_depth3,20,3,diag_3_682,0.5,3,31,0.0118
nest20_depth3,20,3,diag_1_574,0.5,1,31,0.0095
nest20_depth3,20,3,discharge_disposition_id,4.5,1,31,0.0072
nest25_depth1,25,1,num_medications,15.5,2,5,0.2238
nest25_depth1,25,1,num_medications,10.5,3,5,0.2104
nest25_depth1,25,1,time_in_hospital,7.5,2,5,0.2056
nest25_depth1,25,1,num_lab_procedures,95.5,1,5,0.1816
nest25_depth1,25,1,number_inpatient,1.5,2,5,0.1786
nest25_depth2,25,2,time_in_hospital,7.5,4,30,0.1104
nest25_depth2,25,2,num_lab_procedures,95.5,4,30,0.1045
nest25_depth2,25,2,num_medications,10.5,3,30,0.103
nest25_depth2,25,2,num_medications,15.5,2,30,0.0988
nest25_depth2,25,2,diag_3_250,0.5,2,30,0.0697
nest25_depth2,25,2,number_inpatient,1.5,2,30,0.0676
nest25_depth2,25,2,number_inpatient,0.5,3,30,0.0598
nest25_depth2,25,2,race_?,0.5,2,30,0.0463
nest25_depth2,25,2,num_lab_procedures,47.5,1,30,0.0424
nest25_depth2,25,2,diag_2_250.6,0.5,1,30,0.0352
nest25_depth2,25,2,admission_source_id,4.5,1,30,0.0294
nest25_depth2,25,2,diag_2_781,0.5,1,30,0.0253
nest25_depth2,25,2,gender_Female,0.5,1,30,0.0172
nest25_depth2,25,2,discharge_disposition_id,6.5,1,30,0.0096
nest25_depth2,25,2,age_[80-90),0.5,1,30,0.0095
nest25_depth2,25,2,diag_1_250.6,0.5,1,30,0.0093
nest25_depth3,25,3,time_in_hospital,7.5,4,37,0.0765
nest25_depth3,25,3,num_medications,15.5,3,37,0.0762
nest25_depth3,25,3,num_lab_procedures,95.5,6,37,0.067
nest25_depth3,25,3,num_medications,10.5,3,37,0.0636
nest25_depth3,25,3,diag_3_250,0.5,3,37,0.0515
nest25_depth3,25,3,num_lab_procedures,87.5,3,37,0.0448
nest25_depth3,25,3,race_?,0.5,3,37,0.0436
nest25_depth3,25,3,number_inpatient,0.5,4,37,0.0398
nest25_depth3,25,3,gender_Female,0.5,3,37,0.038
nest25_depth3,25,3,diag_2_781,0.5,5,37,0.0368
nest25_depth3,25,3,admission_source_id,4.5,2,37,0.0348
nest25_depth3,25,3,diag_3_599,0.5,2,37,0.0346
nest25_depth3,25,3,number_inpatient,1,2,37,0.0321
nest25_depth3,25,3,diag_2_250.6,0.5,2,37,0.0292
nest25_depth3,25,3,num_medications,9.5,2,37,0.0243
nest25_depth3,25,3,num_lab_procedures,47.5,1,37,0.0225
nest25_depth3,25,3,discharge_disposition_id,1.5,2,37,0.0215
nest25_depth3,25,3,diag_1_428,0.5,1,37,0.0204
nest25_depth3,25,3,age_[80-90),0.5,2,37,0.0202
nest25_depth3,25,3,num_medications,17.5,1,37,0.0193
nest25_depth3,25,3,num_lab_procedures,50,1,37,0.0192
nest25_depth3,25,3,num_medications,6.5,1,37,0.0177
nest25_depth3,25,3,number_inpatient,1.5,2,37,0.0172
nest25_depth3,25,3,repaglinide_No,0.5,1,37,0.0147
nest25_depth3,25,3,diag_1_574,0.5,1,37,0.0132
nest25_depth3,25,3,discharge_disposition_id,3.5,1,37,0.0111
nest25_depth3,25,3,race_AfricanAmerican,0.5,1,37,0.0108
nest25_depth3,25,3,num_lab_procedures,55.5,1,37,0.0093
nest25_depth3,25,3,diag_3_682,0.5,3,37,0.0066
nest25_depth3,25,3,diag_1_493,0.5,1,37,0.0059
nest30_depth1,30,1,num_medications,10.5,3,7,0.1828
nest30_depth1,30,1,num_medications,15.5,2,7,0.1787
nest30_depth1,30,1,number_inpatient,1.5,2,7,0.1767
nest30_depth1,30,1,time_in_hospital,7.5,2,7,0.162
nest30_depth1,30,1,num_lab_procedures,95.5,1,7,0.1612
nest30_depth2,30,2,time_in_hospital,7.5,4,43,0.11
nest30_depth2,30,2,num_lab_procedures,95.5,4,43,0.1028
nest30_depth2,30,2,num_medications,15.5,2,43,0.1009
nest30_depth2,30,2,num_medications,10.5,3,43,0.0939
nest30_depth2,30,2,number_inpatient,1.5,2,43,0.071
nest30_depth2,30,2,diag_3_250,0.5,2,43,0.0644
nest30_depth2,30,2,number_inpatient,0.5,3,43,0.0642
nest30_depth2,30,2,race_?,0.5,2,43,0.0494
nest30_depth2,30,2,num_lab_procedures,47.5,1,43,0.0395
nest30_depth2,30,2,diag_2_781,0.5,1,43,0.0304
nest30_depth2,30,2,admission_source_id,4.5,1,43,0.0272
nest30_depth2,30,2,gender_Female,0.5,1,43,0.0229
nest30_depth2,30,2,diag_1_574,0.5,1,43,0.0129
nest30_depth2,30,2,discharge_disposition_id,6.5,1,43,0.0088
nest30_depth2,30,2,age_[80-90),0.5,1,43,0.0088
nest30_depth2,30,2,diag_1_250.6,0.5,1,43,0.0086
nest30_depth3,30,3,num_medications,15.5,3,81,0.0748
nest30_depth3,30,3,time_in_hospital,7.5,4,81,0.0716
nest30_depth3,30,3,num_lab_procedures,95.5,6,81,0.066
nest30_depth3,30,3,num_medications,10.5,3,81,0.0625
nest30_depth3,30,3,diag_3_250,0.5,3,81,0.0505
nest30_depth3,30,3,race_?,0.5,3,81,0.041
nest30_depth3,30,3,number_inpatient,1,2,81,0.0388
nest30_depth3,30,3,diag_2_781,0.5,4,81,0.0374
nest30_depth3,30,3,number_inpatient,0.5,5,81,0.0371
nest30_depth3,30,3,num_lab_procedures,87.5,3,81,0.0314
nest30_depth3,30,3,diag_2_250.6,0.5,2,81,0.0291
nest30_depth3,30,3,admission_source_id,4.5,2,81,0.0284
nest30_depth3,30,3,diag_3_599,0.5,2,81,0.0262
nest30_depth3,30,3,diag_1_428,0.5,1,81,0.0233
nest30_depth3,30,3,gender_Female,0.5,1,81,0.0232
nest30_depth3,30,3,num_lab_procedures,50.5,1,81,0.0216
nest30_depth3,30,3,discharge_disposition_id,1.5,2,81,0.0202
nest30_depth3,30,3,gender_Male,0.5,2,81,0.0185
nest30_depth3,30,3,num_medications,9.5,2,81,0.0175
nest30_depth3,30,3,diag_1_574,0.5,1,81,0.0171
nest30_depth3,30,3,num_lab_procedures,47.5,1,81,0.0154
nest30_depth3,30,3,num_medications,17.5,1,81,0.013
nest30_depth3,30,3,age_[70-80),0.5,1,81,0.0113
nest30_depth3,30,3,num_medications,6.5,1,81,0.0093
nest30_depth3,30,3,num_lab_procedures,55.5,1,81,0.0089
nest30_depth3,30,3,race_AfricanAmerican,0.5,1,81,0.0082
nest30_depth3,30,3,age_[80-90),0.5,1,81,0.0077
nest30_depth3,30,3,diag_3_682,0.5,1,81,0.0062
nest30_depth3,30,3,repaglinide_No,0.5,1,81,0.006
nest30_depth3,30,3,discharge_disposition_id,3.5,1,81,0.006
nest30_depth3,30,3,diag_1_493,0.5,1,81,0.0056
nest30_depth3,30,3,num_lab_procedures,74,1,81,0.0042
nest30_depth3,30,3,age_[30-40),0.5,1,81,0.004
nest30_depth3,30,3,diag_1_250.03,0.5,1,81,0.0
nest30_depth3,30,3,diag_3_250.03,0.5,1,81,0.0
nest35_depth1,35,1,num_medications,15.5,2,12,0.1796
nest35_depth1,35,1,num_medications,10.5,3,12,0.1463
nest35_depth1,35,1,time_in_hospital,7.5,2,12,0.1459
nest35_depth1,35,1,num_lab_procedures,95.5,1,12,0.1459
nest35_depth1,35,1,number_inpatient,1.5,2,12,0.1209
nest35_depth2,35,2,time_in_hospital,7.5,4,47,0.1093
nest35_depth2,35,2,num_lab_procedures,95.5,4,47,0.0965
nest35_depth2,35,2,num_medications,15.5,2,47,0.095
nest35_depth2,35,2,num_medications,10.5,3,47,0.0879
nest35_depth2,35,2,number_inpatient,1.5,2,47,0.0685
nest35_depth2,35,2,diag_3_250,0.5,2,47,0.0604
nest35_depth2,35,2,number_inpatient,0.5,3,47,0.0599
nest35_depth2,35,2,race_?,0.5,2,47,0.0464
nest35_depth2,35,2,num_lab_procedures,47.5,1,47,0.0371
nest35_depth2,35,2,diag_2_781,0.5,1,47,0.0341
nest35_depth2,35,2,gender_Female,0.5,1,47,0.0279
nest35_depth2,35,2,admission_source_id,4.5,1,47,0.0255
nest35_depth2,35,2,diag_1_574,0.5,1,47,0.0121
nest35_depth2,35,2,age_[80-90),0.5,1,47,0.0085
nest35_depth2,35,2,discharge_disposition_id,6.5,1,47,0.0083
nest35_depth2,35,2,diag_1_250.6,0.5,1,47,0.0081
nest35_depth3,35,3,num_medications,15.5,3,55,0.0719
nest35_depth3,35,3,time_in_hospital,7.5,4,55,0.0705
nest35_depth3,35,3,num_lab_procedures,95.5,6,55,0.0622
nest35_depth3,35,3,num_medications,10.5,3,55,0.057
nest35_depth3,35,3,diag_3_250,0.5,3,55,0.0497
nest35_depth3,35,3,diag_2_781,0.5,4,55,0.0388
nest35_depth3,35,3,num_lab_procedures,87.5,3,55,0.0379
nest35_depth3,35,3,race_?,0.5,3,55,0.0373
nest35_depth3,35,3,number_inpatient,0.5,3,55,0.0349
nest35_depth3,35,3,number_inpatient,1,2,55,0.0336
nest35_depth3,35,3,diag_2_250.6,0.5,2,55,0.0303
nest35_depth3,35,3,diag_3_599,0.5,1,55,0.0296
nest35_depth3,35,3,admission_source_id,4,2,55,0.0267
nest35_depth3,35,3,num_lab_procedures,47.5,1,55,0.0238
nest35_depth3,35,3,diag_1_428,0.5,1,55,0.0219
nest35_depth3,35,3,gender_Female,0.5,2,55,0.0213
nest35_depth3,35,3,gender_Male,0.5,3,55,0.0204
nest35_depth3,35,3,num_lab_procedures,50.5,1,55,0.0198
nest35_depth3,35,3,discharge_disposition_id,1.5,3,55,0.0194
nest35_depth3,35,3,num_medications,9.5,2,55,0.0171
nest35_depth3,35,3,number_inpatient,1.5,1,55,0.0147
nest35_depth3,35,3,diag_1_574,0.5,2,55,0.0139
nest35_depth3,35,3,num_medications,6.5,1,55,0.0131
nest35_depth3,35,3,num_medications,17.5,1,55,0.0129
nest35_depth3,35,3,num_lab_procedures,55.5,1,55,0.0083
nest35_depth3,35,3,race_AfricanAmerican,0.5,1,55,0.0077
nest35_depth3,35,3,num_medications,25.5,1,55,0.0074
nest35_depth3,35,3,age_[80-90),0.5,2,55,0.0073
nest35_depth3,35,3,repaglinide_No,0.5,1,55,0.0059
nest35_depth3,35,3,diag_3_682,0.5,1,55,0.0058
nest35_depth3,35,3,discharge_disposition_id,5.5,1,55,0.0056
nest35_depth3,35,3,diag_1_493,0.5,1,55,0.0054
nest35_depth3,35,3,num_lab_procedures,74,1,55,0.004
nest40_depth1,40,1,number_inpatient,0.5,6,6,0.4871
nest40_depth1,40,1,number_inpatient,1.5,3,6,0.2252
nest40_depth1,40,1,number_emergency,0.5,1,6,0.0824
nest40_depth2,40,2,number_inpatient,0.5,8,33,0.4103
nest40_depth2,40,2,number_inpatient,1.5,4,33,0.1098
nest40_depth2,40,2,number_emergency,0.5,2,33,0.0556
nest40_depth2,40,2,number_diagnoses,5.5,3,33,0.0538
nest40_depth2,40,2,number_outpatient,0.5,2,33,0.0496
nest40_depth2,40,2,discharge_disposition_id,9.5,3,33,0.0327
nest40_depth2,40,2,number_inpatient,2.5,2,33,0.0232
nest40_depth2,40,2,number_diagnoses,6.5,2,33,0.022
nest40_depth2,40,2,discharge_disposition_id,10.5,2,33,0.0148
nest40_depth2,40,2,diabetesMed_Yes,0.5,1,33,0.0118
nest40_depth2,40,2,number_inpatient,3.5,1,33,0.0059
nest40_depth3,40,3,number_inpatient,0.5,10,74,0.4124
nest40_depth3,40,3,number_inpatient,1.5,6,74,0.0641
nest40_depth3,40,3,number_emergency,0.5,5,74,0.0464
nest40_depth3,40,3,number_diagnoses,5.5,4,74,0.0424
nest40_depth3,40,3,number_outpatient,0.5,6,74,0.0406
nest40_depth3,40,3,discharge_disposition_id,10.5,5,74,0.0238
nest40_depth3,40,3,admission_source_id,6.5,4,74,0.0237
nest40_depth3,40,3,discharge_disposition_id,9.5,3,74,0.0216
nest40_depth3,40,3,diag_1_428,0.5,2,74,0.0207
nest40_depth3,40,3,number_diagnoses,6.5,3,74,0.0205
nest40_depth3,40,3,number_inpatient,2.5,3,74,0.0203
nest40_depth3,40,3,discharge_disposition_id,8.5,2,74,0.0185
nest40_depth3,40,3,discharge_disposition_id,10,3,74,0.0163
nest40_depth3,40,3,diabetesMed_No,0.5,3,74,0.0131
nest40_depth3,40,3,discharge_disposition_id,7.5,3,74,0.0107
nest40_depth3,40,3,number_inpatient,3.5,1,74,0.0082
nest40_depth3,40,3,diabetesMed_Yes,0.5,1,74,0.0051
nest40_depth3,40,3,diag_1_278,0.5,2,74,0.005
nest40_depth3,40,3,number_emergency,1.5,1,74,0.0045
nest40_depth3,40,3,number_inpatient,4.5,1,74,0.0039
nest40_depth3,40,3,discharge_disposition_id,1.5,2,74,0.0034
nest100_depth1,100,1,number_inpatient,0.5,6,23,0.3965
nest100_depth1,100,1,number_inpatient,1.5,3,23,0.1604
nest100_depth1,100,1,number_emergency,0.5,1,23,0.0636
nest100_depth2,100,2,number_inpatient,0.5,8,85,0.3502
nest100_depth2,100,2,number_inpatient,1.5,4,85,0.0941
nest100_depth2,100,2,number_emergency,0.5,2,85,0.0478
nest100_depth2,100,2,number_diagnoses,5.5,3,85,0.0457
nest100_depth2,100,2,number_outpatient,0.5,2,85,0.0457
nest100_depth2,100,2,discharge_disposition_id,9.5,3,85,0.0289
nest100_depth2,100,2,discharge_disposition_id,10.5,1,85,0.0238
nest100_depth2,100,2,discharge_disposition_id,10,1,85,0.0229
nest100_depth2,100,2,number_inpatient,2.5,2,85,0.0203
nest100_depth2,100,2,number_diagnoses,6.5,2,85,0.0189
nest100_depth2,100,2,diabetesMed_Yes,0.5,1,85,0.0159
nest100_depth2,100,2,number_inpatient,3.5,1,85,0.0068
nest100_depth3,100,3,number_inpatient,0.5,10,199,0.349
nest100_depth3,100,3,number_inpatient,1.5,6,199,0.0545
nest100_depth3,100,3,number_emergency,0.5,5,199,0.0398
nest100_depth3,100,3,number_outpatient,0.5,6,199,0.0364
nest100_depth3,100,3,number_diagnoses,5.5,4,199,0.0359
nest100_depth3,100,3,discharge_disposition_id,10,2,199,0.0343
nest100_depth3,100,3,discharge_disposition_id,10.5,4,199,0.0253
nest100_depth3,100,3,admission_source_id,6.5,4,199,0.0224
nest100_depth3,100,3,diag_1_428,0.5,2,199,0.0202
nest100_depth3,100,3,number_diagnoses,6.5,3,199,0.0175
nest100_depth3,100,3,discharge_disposition_id,8.5,2,199,0.0159
nest100_depth3,100,3,discharge_disposition_id,9,3,199,0.0143
nest100_depth3,100,3,number_inpatient,2,2,199,0.014
nest100_depth3,100,3,diabetesMed_Yes,0.5,2,199,0.0096
nest100_depth3,100,3,discharge_disposition_id,7.5,3,199,0.009
nest100_depth3,100,3,diabetesMed_No,0.5,2,199,0.0088
nest100_depth3,100,3,discharge_disposition_id,9.5,2,199,0.008
nest100_depth3,100,3,number_inpatient,3.5,1,199,0.0069
nest100_depth3,100,3,number_emergency,1.5,1,199,0.0054
nest100_depth3,100,3,diag_1_278,0.5,2,199,0.0052
nest100_depth3,100,3,number_inpatient,2.5,1,199,0.0044
nest100_depth3,100,3,number_inpatient,4.5,1,199,0.0039
nest100_depth3,100,3,discharge_disposition_id,1.5,2,199,0.0037
nest200_depth1,200,1,number_inpatient,0.5,6,38,0.3465
nest200_depth1,200,1,number_inpatient,1.5,3,38,0.1414
nest200_depth1,200,1,number_emergency,0.5,1,38,0.0563
nest200_depth2,200,2,number_inpatient,0.5,8,168,0.3197
nest200_depth2,200,2,number_inpatient,1.5,4,168,0.0857
nest200_depth2,200,2,number_emergency,0.5,2,168,0.0437
nest200_depth2,200,2,number_outpatient,0.5,2,168,0.0421
nest200_depth2,200,2,number_diagnoses,5.5,3,168,0.0416
nest200_depth2,200,2,discharge_disposition_id,9.5,3,168,0.0274
nest200_depth2,200,2,discharge_disposition_id,10,1,168,0.026
nest200_depth2,200,2,discharge_disposition_id,10.5,1,168,0.0215
nest200_depth2,200,2,number_inpatient,2.5,2,168,0.0185
nest200_depth2,200,2,number_diagnoses,6.5,2,168,0.0173
nest200_depth2,200,2,diabetesMed_Yes,0.5,1,168,0.0135
nest200_depth2,200,2,number_inpatient,3.5,1,168,0.0062
nest200_depth3,200,3,number_inpatient,0.5,10,352,0.3189
nest200_depth3,200,3,number_inpatient,1.5,6,352,0.0503
nest200_depth3,200,3,discharge_disposition_id,10,6,352,0.0452
nest200_depth3,200,3,number_emergency,0.5,5,352,0.0367
nest200_depth3,200,3,number_outpatient,0.5,6,352,0.0335
nest200_depth3,200,3,number_diagnoses,5.5,4,352,0.033
nest200_depth3,200,3,admission_source_id,6.5,4,352,0.0215
nest200_depth3,200,3,diag_1_428,0.5,2,352,0.019
nest200_depth3,200,3,discharge_disposition_id,10.5,2,352,0.0184
nest200_depth3,200,3,number_inpatient,2.5,3,352,0.0169
nest200_depth3,200,3,number_diagnoses,6.5,3,352,0.0159
nest200_depth3,200,3,discharge_disposition_id,8.5,2,352,0.0148
nest200_depth3,200,3,discharge_disposition_id,9.5,3,352,0.0115
nest200_depth3,200,3,diabetesMed_No,0.5,2,352,0.0114
nest200_depth3,200,3,discharge_disposition_id,7.5,3,352,0.0085
nest200_depth3,200,3,number_inpatient,3.5,1,352,0.0066
nest200_depth3,200,3,diabetesMed_Yes,0.5,2,352,0.0063
nest200_depth3,200,3,number_emergency,1.5,1,352,0.0052
nest200_depth3,200,3,diag_1_278,0.5,2,352,0.005
nest200_depth3,200,3,discharge_disposition_id,1.5,2,352,0.0042
nest200_depth3,200,3,number_inpatient,4.5,1,352,0.0016
