dataset,param_tag,root_features_dropped,tgb_acc_baseline,tgb_acc_ablated,praxis_acc_baseline,praxis_acc_ablated,overlap_baseline,overlap_ablated
bike,nest100_depth1,hr,0.872554660529344,0.7235327963176065,0.8380322209436134,0.7154775604142692,0.4,0.5
bike,nest100_depth2,hr,0.8909666283084005,0.7373417721518988,0.8380322209436134,0.7123130034522439,0.4,0.4
bike,nest100_depth3,hr,0.8875143843498274,0.7350402761795167,0.8380322209436134,0.7123130034522439,0.4,0.5
bike,nest10_depth1,hr,0.770138089758343,0.6467203682393556,0.770138089758343,0.6467203682393556,1.0,1.0
bike,nest10_depth2,hr,0.8564441887226697,0.6703107019562716,0.8345799769850403,0.6467203682393556,0.4,0.3333333333333333
bike,nest10_depth3,hr,0.8777330264672036,0.7255466052934407,0.8380322209436134,0.7123130034522439,0.4,0.2
bike,nest15_depth1,hr,0.8060989643268124,0.6495972382048332,0.8060989643268124,0.6495972382048332,1.0,1.0
bike,nest15_depth2,hr,0.8621979286536249,0.6766398158803222,0.8380322209436134,0.680379746835443,0.4,0.75
bike,nest15_depth3,hr,0.8780207134637514,0.7238204833141542,0.8380322209436134,0.7123130034522439,0.4,0.4
bike,nest200_depth1,hr,0.883199079401611,0.7327387802071347,0.8380322209436134,0.7154775604142692,0.4,0.4
bike,nest200_depth2,hr,0.8906789413118527,0.7416570771001151,0.8380322209436134,0.7123130034522439,0.4,0.4
bike,nest200_depth3,hr,0.8889528193325662,0.748849252013809,0.8380322209436134,0.7123130034522439,0.4,0.4
bike,nest20_depth1,hr,0.8383199079401611,0.6467203682393556,0.8345799769850403,0.6467203682393556,0.6666666666666666,0.5
bike,nest20_depth2,hr,0.8855005753739931,0.726409666283084,0.8380322209436134,0.7059838895281934,0.4,0.4
bike,nest20_depth3,hr,0.8855005753739931,0.7238204833141542,0.8380322209436134,0.7123130034522439,0.4,0.4
bike,nest25_depth1,hr,0.8489643268124281,0.6815304948216341,0.8380322209436134,0.6838319907940161,0.5,1.0
bike,nest25_depth2,hr,0.8817606444188723,0.7252589182968929,0.8380322209436134,0.7059838895281934,0.4,0.4
bike,nest25_depth3,hr,0.8837744533947065,0.7269850402761795,0.8380322209436134,0.7123130034522439,0.4,0.4
bike,nest30_depth1,hr,0.8616225546605294,0.6809551208285386,0.8380322209436134,0.6838319907940161,0.4,1.0
bike,nest30_depth2,hr,0.8857882623705409,0.7252589182968929,0.8380322209436134,0.7059838895281934,0.4,0.4
bike,nest30_depth3,hr,0.8829113924050633,0.7266973532796318,0.8380322209436134,0.7123130034522439,0.4,0.4
bike,nest35_depth1,hr,0.8656501726121979,0.7174913693901036,0.8380322209436134,0.7056962025316456,0.4,0.5
bike,nest35_depth2,hr,0.8803222094361335,0.7197928653624857,0.8380322209436134,0.7059838895281934,0.4,0.5
bike,nest35_depth3,hr,0.8855005753739931,0.7272727272727273,0.8380322209436134,0.7123130034522439,0.4,0.4
bike,nest40_depth1,hr,0.8650747986191024,0.7160529344073648,0.8380322209436134,0.7056962025316456,0.4,0.5
bike,nest40_depth2,hr,0.8837744533947065,0.7330264672036824,0.8380322209436134,0.7059838895281934,0.4,0.4
bike,nest40_depth3,hr,0.8857882623705409,0.7295742232451093,0.8380322209436134,0.7123130034522439,0.4,0.5
bike,nest5_depth2,hr,0.8158803222094362,0.6475834292289988,0.8147295742232451,0.6475834292289988,0.6666666666666666,0.5
bike,nest5_depth3,hr,0.8584579976985041,0.7163406214039125,0.8380322209436134,0.7059838895281934,0.5,0.6666666666666666
breast_cancer,nest100_depth1,perimeter_worst,0.9736842105263158,0.9736842105263158,0.9649122807017544,0.9649122807017544,0.2,0.25
breast_cancer,nest100_depth2,radius_worst,0.9649122807017544,0.9649122807017544,0.9473684210526315,0.9473684210526315,0.25,0.2
breast_cancer,nest100_depth3,perimeter_worst,0.9649122807017544,0.9649122807017544,0.956140350877193,0.956140350877193,0.375,0.42857142857142855
breast_cancer,nest10_depth1,perimeter_worst,0.9298245614035088,0.9122807017543859,0.8771929824561403,0.9122807017543859,0.5,1.0
breast_cancer,nest10_depth2,radius_worst,0.9649122807017544,0.9649122807017544,0.9473684210526315,0.9473684210526315,0.2,0.2857142857142857
breast_cancer,nest10_depth3,perimeter_worst,0.9649122807017544,0.956140350877193,0.9473684210526315,0.9473684210526315,0.2,0.2222222222222222
breast_cancer,nest15_depth1,perimeter_worst,0.9385964912280702,0.9385964912280702,0.9385964912280702,0.9385964912280702,0.5,0.6666666666666666
breast_cancer,nest15_depth2,radius_worst,0.956140350877193,0.956140350877193,0.9473684210526315,0.9473684210526315,0.16666666666666666,0.2222222222222222
breast_cancer,nest15_depth3,perimeter_worst,0.956140350877193,0.9649122807017544,0.9473684210526315,0.9473684210526315,0.18181818181818182,0.3
breast_cancer,nest200_depth1,perimeter_worst,0.9824561403508771,0.9824561403508771,0.9649122807017544,0.9649122807017544,0.3,0.375
breast_cancer,nest200_depth2,radius_worst,0.9649122807017544,0.9736842105263158,0.9473684210526315,0.9473684210526315,0.2,0.25
breast_cancer,nest200_depth3,perimeter_worst,0.956140350877193,0.956140350877193,0.956140350877193,0.956140350877193,0.375,0.375
breast_cancer,nest20_depth1,perimeter_worst,0.9473684210526315,0.9473684210526315,0.956140350877193,0.956140350877193,0.4,0.5
breast_cancer,nest20_depth2,radius_worst,0.956140350877193,0.9736842105263158,0.9473684210526315,0.9473684210526315,0.16666666666666666,0.2222222222222222
breast_cancer,nest20_depth3,perimeter_worst,0.9649122807017544,0.9736842105263158,0.956140350877193,0.956140350877193,0.3333333333333333,0.3333333333333333
breast_cancer,nest25_depth1,perimeter_worst,0.9649122807017544,0.9649122807017544,0.956140350877193,0.956140350877193,0.5,0.6
breast_cancer,nest25_depth2,radius_worst,0.956140350877193,0.9736842105263158,0.9473684210526315,0.9473684210526315,0.16666666666666666,0.2222222222222222
breast_cancer,nest25_depth3,perimeter_worst,0.9649122807017544,0.9649122807017544,0.956140350877193,0.956140350877193,0.18181818181818182,0.18181818181818182
breast_cancer,nest30_depth1,perimeter_worst,0.9736842105263158,0.956140350877193,0.956140350877193,0.956140350877193,0.42857142857142855,0.5
breast_cancer,nest30_depth2,radius_worst,0.9649122807017544,0.9649122807017544,0.9473684210526315,0.9473684210526315,0.25,0.2
breast_cancer,nest30_depth3,perimeter_worst,0.9649122807017544,0.9649122807017544,0.9473684210526315,0.9473684210526315,0.18181818181818182,0.16666666666666666
breast_cancer,nest35_depth1,perimeter_worst,0.956140350877193,0.9473684210526315,0.9473684210526315,0.9473684210526315,0.5,0.6
breast_cancer,nest35_depth2,radius_worst,0.9649122807017544,0.9736842105263158,0.9473684210526315,0.9473684210526315,0.25,0.2
breast_cancer,nest35_depth3,perimeter_worst,0.9649122807017544,0.9649122807017544,0.956140350877193,0.956140350877193,0.18181818181818182,0.18181818181818182
breast_cancer,nest40_depth1,perimeter_worst,0.956140350877193,0.9649122807017544,0.9473684210526315,0.9473684210526315,0.42857142857142855,0.6
breast_cancer,nest40_depth2,radius_worst,0.9649122807017544,0.9649122807017544,0.9473684210526315,0.9473684210526315,0.25,0.2
breast_cancer,nest40_depth3,perimeter_worst,0.956140350877193,0.956140350877193,0.956140350877193,0.956140350877193,0.25,0.18181818181818182
breast_cancer,nest5_depth1,perimeter_worst,0.9385964912280702,0.9473684210526315,0.9385964912280702,0.9385964912280702,0.5,0.6666666666666666
breast_cancer,nest5_depth2,perimeter_worst,0.956140350877193,0.956140350877193,0.956140350877193,0.956140350877193,0.6,0.75
breast_cancer,nest5_depth3,perimeter_worst,0.9298245614035088,0.9385964912280702,0.9210526315789473,0.9210526315789473,0.375,0.42857142857142855
compas,nest100_depth1,priors_count,0.6903039073806078,0.6287988422575976,0.6548480463096961,0.605643994211288,1.0,0.5
compas,nest100_depth2,priors_count,0.6837916063675832,0.630246020260492,0.6548480463096961,0.605643994211288,1.0,0.5
compas,nest100_depth3,priors_count,0.6837916063675832,0.630246020260492,0.6548480463096961,0.605643994211288,1.0,0.5
compas,nest10_depth1,priors_count,0.6751085383502171,0.5636758321273516,0.6751085383502171,0.5636758321273516,1.0,1.0
compas,nest10_depth2,priors_count,0.670767004341534,0.5636758321273516,0.6548480463096961,0.5636758321273516,1.0,1.0
compas,nest10_depth3,priors_count,0.6736613603473227,0.6063675832127352,0.6548480463096961,0.605643994211288,1.0,1.0
compas,nest15_depth1,priors_count,0.6751085383502171,0.5636758321273516,0.6751085383502171,0.5636758321273516,1.0,1.0
compas,nest15_depth2,priors_count,0.6714905933429812,0.5636758321273516,0.6548480463096961,0.5636758321273516,1.0,1.0
compas,nest15_depth3,priors_count,0.6780028943560058,0.6063675832127352,0.6548480463096961,0.605643994211288,1.0,1.0
compas,nest200_depth1,priors_count,0.6808972503617945,0.605643994211288,0.6548480463096961,0.605643994211288,1.0,1.0
compas,nest200_depth2,priors_count,0.6837916063675832,0.6287988422575976,0.6548480463096961,0.605643994211288,1.0,0.5
compas,nest200_depth3,priors_count,0.6837916063675832,0.6287988422575976,0.6548480463096961,0.605643994211288,1.0,0.5
compas,nest20_depth1,priors_count,0.6693198263386396,0.605643994211288,0.6548480463096961,0.605643994211288,1.0,1.0
compas,nest20_depth2,priors_count,0.6816208393632417,0.605643994211288,0.6548480463096961,0.605643994211288,1.0,1.0
compas,nest20_depth3,priors_count,0.6758321273516642,0.6063675832127352,0.6548480463096961,0.605643994211288,1.0,1.0
compas,nest25_depth1,priors_count,0.678726483357453,0.605643994211288,0.6548480463096961,0.605643994211288,1.0,1.0
compas,nest25_depth2,priors_count,0.6816208393632417,0.605643994211288,0.6548480463096961,0.605643994211288,1.0,1.0
compas,nest25_depth3,priors_count,0.6881331403762663,0.6280752532561505,0.6548480463096961,0.605643994211288,1.0,0.5
compas,nest30_depth1,priors_count,0.678726483357453,0.605643994211288,0.6548480463096961,0.605643994211288,1.0,1.0
compas,nest30_depth2,priors_count,0.6816208393632417,0.605643994211288,0.6548480463096961,0.605643994211288,1.0,1.0
compas,nest30_depth3,priors_count,0.6837916063675832,0.6287988422575976,0.6548480463096961,0.605643994211288,1.0,0.5
compas,nest35_depth1,priors_count,0.678726483357453,0.605643994211288,0.6548480463096961,0.605643994211288,1.0,1.0
compas,nest35_depth2,priors_count,0.6866859623733719,0.61794500723589,0.6548480463096961,0.605643994211288,1.0,0.6666666666666666
compas,nest35_depth3,priors_count,0.6852387843704776,0.6287988422575976,0.6548480463096961,0.605643994211288,1.0,0.5
compas,nest40_depth1,priors_count,0.683068017366136,0.605643994211288,0.6548480463096961,0.605643994211288,1.0,1.0
compas,nest40_depth2,priors_count,0.6816208393632417,0.605643994211288,0.6548480463096961,0.605643994211288,1.0,1.0
compas,nest40_depth3,priors_count,0.6866859623733719,0.630246020260492,0.6548480463096961,0.605643994211288,1.0,0.5
compas,nest5_depth2,priors_count,0.6729377713458755,0.5636758321273516,0.6548480463096961,0.5636758321273516,1.0,1.0
compas,nest5_depth3,priors_count,0.6772793053545586,0.6063675832127352,0.6548480463096961,0.605643994211288,1.0,1.0
creditcard_fraud,nest100_depth2,V17,0.9983673326077034,0.9993153330290369,0.9982795547909132,0.9982795547909132,0.0,0.0
creditcard_fraud,nest100_depth3,V17,0.9983673326077034,0.9982619992275552,0.9982795547909132,0.9982795547909132,0.0,0.0
creditcard_fraud,nest10_depth2,V17,0.9983673326077034,0.9993153330290369,0.9982795547909132,0.9982795547909132,0.0,0.0
creditcard_fraud,nest10_depth3,V17,0.9983673326077034,0.9982795547909132,0.9982795547909132,0.9982795547909132,0.0,0.0
creditcard_fraud,nest15_depth2,V17,0.9983673326077034,0.9993153330290369,0.9982795547909132,0.9982795547909132,0.0,0.0
creditcard_fraud,nest15_depth3,V17,0.9983497770443454,0.9982795547909132,0.9982795547909132,0.9982795547909132,0.0,0.0
creditcard_fraud,nest200_depth2,V17,0.9983673326077034,0.9993153330290369,0.9982795547909132,0.9982795547909132,0.0,0.0
creditcard_fraud,nest200_depth3,V17,0.9983673326077034,0.9982619992275552,0.9982795547909132,0.9982795547909132,0.0,0.0
creditcard_fraud,nest20_depth2,V17,0.9983673326077034,0.9993153330290369,0.9982795547909132,0.9982795547909132,0.0,0.0
creditcard_fraud,nest20_depth3,V17,0.9983673326077034,0.9982795547909132,0.9982795547909132,0.9982795547909132,0.0,0.0
creditcard_fraud,nest25_depth2,V17,0.9983673326077034,0.9993153330290369,0.9982795547909132,0.9982795547909132,0.0,0.0
creditcard_fraud,nest25_depth3,V17,0.9983673326077034,0.9982619992275552,0.9982795547909132,0.9982795547909132,0.0,0.0
creditcard_fraud,nest30_depth2,V17,0.9983673326077034,0.9993153330290369,0.9982795547909132,0.9982795547909132,0.0,0.0
creditcard_fraud,nest30_depth3,V17,0.9983673326077034,0.9982619992275552,0.9982795547909132,0.9982795547909132,0.0,0.0
creditcard_fraud,nest35_depth2,V17,0.9983673326077034,0.9993153330290369,0.9982795547909132,0.9982795547909132,0.0,0.0
creditcard_fraud,nest35_depth3,V17,0.9983673326077034,0.9982619992275552,0.9982795547909132,0.9982795547909132,0.0,0.0
creditcard_fraud,nest40_depth2,V17,0.9983673326077034,0.9993153330290369,0.9982795547909132,0.9982795547909132,0.0,0.0
creditcard_fraud,nest40_depth3,V17,0.9983673326077034,0.9982619992275552,0.9982795547909132,0.9982795547909132,0.0,0.0
creditcard_fraud,nest5_depth2,V17,0.9983673326077034,0.9993153330290369,0.9982795547909132,0.9982795547909132,0.0,0.0
creditcard_fraud,nest5_depth3,V17,0.9983673326077034,0.9982795547909132,0.9982795547909132,0.9982795547909132,0.0,0.0
creditcard_fraud_oversampled,nest100_depth1,V14,0.9622888295358372,0.9615524120420748,0.9213462151438212,0.9182027016629846,0.2,0.4
creditcard_fraud_oversampled,nest100_depth2,V14,0.9720271265429046,0.9668941866983216,0.9213462151438212,0.9318758861740364,0.2,0.42857142857142855
creditcard_fraud_oversampled,nest100_depth3,V14,0.9727745353425441,0.9662456996515756,0.9213462151438212,0.9318758861740364,0.2,0.42857142857142855
creditcard_fraud_oversampled,nest10_depth1,V14,0.9271496246469043,0.8845253404556995,0.9213462151438212,0.8845253404556995,0.5,1.0
creditcard_fraud_oversampled,nest10_depth2,V14,0.9435376617095877,0.9341730691023401,0.9213462151438212,0.9182027016629846,0.2,0.5
creditcard_fraud_oversampled,nest10_depth3,V14,0.9558039590683769,0.9540233675162946,0.9213462151438212,0.9199173453798046,0.16666666666666666,0.4
creditcard_fraud_oversampled,nest15_depth1,V14,0.9388993306294721,0.919367780085952,0.9213462151438212,0.9123883008540244,0.25,0.6666666666666666
creditcard_fraud_oversampled,nest15_depth2,V14,0.9487145667776788,0.9379980435475539,0.9213462151438212,0.9193128235565667,0.2,0.5
creditcard_fraud_oversampled,nest15_depth3,V14,0.9638276123586244,0.9563095591387213,0.9213462151438212,0.9306668425275607,0.2,0.2857142857142857
creditcard_fraud_oversampled,nest200_depth1,V14,0.9687517173915433,0.9631461513942472,0.9213462151438212,0.9182027016629846,0.16666666666666666,0.4
creditcard_fraud_oversampled,nest20_depth1,V14,0.9439992965564239,0.9309636077862411,0.9213462151438212,0.9123883008540244,0.25,0.6666666666666666
creditcard_fraud_oversampled,nest20_depth2,V14,0.9566942548444181,0.9549026719864587,0.9213462151438212,0.9199173453798046,0.2,0.4
creditcard_fraud_oversampled,nest20_depth3,V14,0.9648827777228213,0.9575845506204592,0.9213462151438212,0.9306668425275607,0.2,0.2857142857142857
creditcard_fraud_oversampled,nest25_depth1,V14,0.9432958529802926,0.9309636077862411,0.9213462151438212,0.9123883008540244,0.25,0.6666666666666666
creditcard_fraud_oversampled,nest25_depth2,V14,0.948967366812851,0.9417790527692596,0.9213462151438212,0.9182027016629846,0.25,0.5
creditcard_fraud_oversampled,nest25_depth3,V14,0.9662456996515756,0.9620030555830338,0.9213462151438212,0.9318758861740364,0.2,0.42857142857142855
creditcard_fraud_oversampled,nest30_depth1,V14,0.9484837493542608,0.935228234466537,0.9213462151438212,0.9247755025774612,0.2,0.75
creditcard_fraud_oversampled,nest30_depth2,V14,0.961618359877337,0.9591343247491234,0.9213462151438212,0.9318758861740364,0.2,0.5
creditcard_fraud_oversampled,nest30_depth3,V14,0.9650806212286082,0.9597608291841153,0.9213462151438212,0.9318758861740364,0.2,0.42857142857142855
creditcard_fraud_oversampled,nest35_depth1,V14,0.9484837493542608,0.9367889999010782,0.9213462151438212,0.9247755025774612,0.2,0.75
creditcard_fraud_oversampled,nest35_depth2,V14,0.9606401336542795,0.9633989514294193,0.9213462151438212,0.9318758861740364,0.2,0.5
creditcard_fraud_oversampled,nest35_depth3,V14,0.9668502214748135,0.964827821193436,0.9213462151438212,0.9318758861740364,0.2,0.42857142857142855
creditcard_fraud_oversampled,nest40_depth1,V14,0.9541332805750651,0.9427572789923171,0.9213462151438212,0.9252151548125432,0.16666666666666666,0.75
creditcard_fraud_oversampled,nest40_depth2,V14,0.9640034732526571,0.9633989514294193,0.9213462151438212,0.9318758861740364,0.2,0.5
creditcard_fraud_oversampled,nest40_depth3,V14,0.9654433343225509,0.9668831953924446,0.9213462151438212,0.9318758861740364,0.2,0.42857142857142855
creditcard_fraud_oversampled,nest5_depth2,V14,0.9449665314736044,0.9062331695628758,0.9213462151438212,0.8959013420384476,0.25,0.6666666666666666
creditcard_fraud_oversampled,nest5_depth3,V14,0.9589804464668448,0.9501214539299414,0.9213462151438212,0.9182356755806157,0.16666666666666666,0.4
creditcard_fraud_smote,nest100_depth1,V14,0.9585847594552709,0.9468900100020884,0.9226541805431904,0.9239841285543136,0.25,0.4
creditcard_fraud_smote,nest100_depth2,V14,0.9634868818764357,0.9585188116200086,0.9226871544608215,0.9268198854705928,0.2,0.6
creditcard_fraud_smote,nest10_depth1,V14,0.9252041635066662,0.8801947659401413,0.9226541805431904,0.8801947659401413,0.5,1.0
creditcard_fraud_smote,nest10_depth2,V14,0.9373055912772996,0.9283256943757487,0.9226871544608215,0.9196205801211242,0.2,1.0
creditcard_fraud_smote,nest10_depth3,V14,0.9558918895153933,0.943372792121432,0.9227531022960838,0.9214341455908377,0.2,0.5
creditcard_fraud_smote,nest15_depth1,V14,0.9311834339037821,0.9039030127169408,0.9226541805431904,0.8988030467899891,0.3333333333333333,0.5
creditcard_fraud_smote,nest15_depth2,V14,0.9500994713181873,0.9407568613226938,0.9226871544608215,0.9206207889559359,0.2,0.5
creditcard_fraud_smote,nest15_depth3,V14,0.9579142897967707,0.9497587408359988,0.9227531022960838,0.9243798155658873,0.2,0.4
creditcard_fraud_smote,nest20_depth1,V14,0.9310955034567657,0.902441169035293,0.9226541805431904,0.8988030467899891,0.3333333333333333,0.5
creditcard_fraud_smote,nest20_depth2,V14,0.9535067761400732,0.945746914190875,0.9226871544608215,0.9266220419648058,0.2,0.6
creditcard_fraud_smote,nest20_depth3,V14,0.958837559490443,0.9495169321067036,0.9227531022960838,0.9243798155658873,0.2,0.4
creditcard_fraud_smote,nest25_depth1,V14,0.9439443400270386,0.9226981457666985,0.9226541805431904,0.9095085787142371,0.25,0.6666666666666666
creditcard_fraud_smote,nest25_depth2,V14,0.9553643068332949,0.9480660797309328,0.9226871544608215,0.9266220419648058,0.2,0.6
creditcard_fraud_smote,nest25_depth3,V14,0.9593981160901727,0.9497037843066135,0.9227531022960838,0.9268858333058551,0.2,0.4
creditcard_fraud_smote,nest30_depth1,V14,0.9440102878623009,0.92302788494301,0.9226541805431904,0.9188731713214847,0.25,1.0
creditcard_fraud_smote,nest30_depth2,V14,0.9559248634330245,0.9471867752607688,0.9226871544608215,0.9266220419648058,0.2,0.4
creditcard_fraud_smote,nest30_depth3,V14,0.9595849682900826,0.9531660456578847,0.9227531022960838,0.9268858333058551,0.2,0.4
creditcard_fraud_smote,nest35_depth1,V14,0.945527088073334,0.9239951198601906,0.9226541805431904,0.9198733801562964,0.25,1.0
creditcard_fraud_smote,nest35_depth2,V14,0.9574856288675657,0.9512865323529088,0.9226871544608215,0.9266220419648058,0.2,0.6
creditcard_fraud_smote,nest35_depth3,V14,0.9607170727954188,0.9529791934579748,0.9227531022960838,0.9268858333058551,0.2,0.3333333333333333
creditcard_fraud_smote,nest40_depth1,V14,0.9441202009210714,0.9233905980369528,0.9226541805431904,0.9095085787142371,0.25,0.6666666666666666
creditcard_fraud_smote,nest40_depth2,V14,0.9589914377727218,0.9510667062353678,0.9226871544608215,0.926655015882437,0.2,0.6
creditcard_fraud_smote,nest40_depth3,V14,0.9607830206306811,0.9561666721623197,0.9227531022960838,0.9266989811059452,0.2,0.3333333333333333
creditcard_fraud_smote,nest5_depth2,V14,0.9292929292929293,0.8467811960739056,0.9226871544608215,0.8467811960739056,0.5,1.0
creditcard_fraud_smote,nest5_depth3,V14,0.9524516107758763,0.934370912608127,0.9227531022960838,0.9094536221848518,0.25,0.6666666666666666
diabetes,nest100_depth1,number_inpatient,0.6333398840522747,0.6050899086174708,0.6155546821263633,0.5811142772919328,0.16666666666666666,0.3333333333333333
diabetes,nest100_depth2,number_inpatient,0.6378598801218434,0.6122138154662474,0.6155546821263633,0.5811142772919328,0.16666666666666666,0.25
diabetes,nest100_depth3,number_inpatient,0.6383020536503882,0.6111329468409158,0.6155546821263633,0.5811142772919328,0.16666666666666666,0.25
diabetes,nest10_depth2,num_medications,0.7,0.6833333333333333,0.7333333333333333,0.7,0.46153846153846156,0.5
diabetes,nest10_depth3,num_medications,0.7333333333333333,0.7166666666666667,0.7166666666666667,0.7166666666666667,0.35714285714285715,0.36363636363636365
diabetes,nest15_depth1,num_medications,0.6333333333333333,0.6166666666666667,0.6333333333333333,0.6166666666666667,0.6666666666666666,1.0
diabetes,nest15_depth2,num_medications,0.6833333333333333,0.6833333333333333,0.7333333333333333,0.7,0.46153846153846156,0.5
diabetes,nest15_depth3,num_medications,0.7166666666666667,0.7166666666666667,0.7166666666666667,0.7166666666666667,0.35714285714285715,0.3333333333333333
diabetes,nest200_depth1,number_inpatient,0.6368772722806328,0.6091677311584947,0.6155546821263633,0.5811142772919328,0.16666666666666666,0.25
diabetes,nest200_depth2,number_inpatient,0.6378598801218434,0.6117225115456422,0.6155546821263633,0.5811142772919328,0.16666666666666666,0.25
diabetes,nest200_depth3,number_inpatient,0.6375650977694802,0.6099538174314632,0.6155546821263633,0.5811142772919328,0.16666666666666666,0.25
diabetes,nest20_depth1,num_medications,0.6333333333333333,0.6166666666666667,0.6333333333333333,0.6166666666666667,0.6666666666666666,1.0
diabetes,nest20_depth2,num_medications,0.7,0.6833333333333333,0.7333333333333333,0.7,0.46153846153846156,0.5454545454545454
diabetes,nest20_depth3,num_medications,0.6833333333333333,0.7166666666666667,0.7166666666666667,0.7166666666666667,0.35714285714285715,0.45454545454545453
diabetes,nest25_depth1,num_medications,0.65,0.6333333333333333,0.65,0.6333333333333333,0.75,1.0
diabetes,nest25_depth2,num_medications,0.7,0.6666666666666666,0.7333333333333333,0.7,0.46153846153846156,0.4166666666666667
diabetes,nest25_depth3,num_medications,0.6833333333333333,0.7,0.7166666666666667,0.7166666666666667,0.35714285714285715,0.36363636363636365
diabetes,nest30_depth1,num_medications,0.6833333333333333,0.6166666666666667,0.6833333333333333,0.6333333333333333,1.0,0.8
diabetes,nest30_depth2,num_medications,0.6833333333333333,0.65,0.7333333333333333,0.7,0.46153846153846156,0.38461538461538464
diabetes,nest30_depth3,num_medications,0.7166666666666667,0.65,0.7666666666666667,0.65,0.3125,0.1875
diabetes,nest35_depth1,num_medications,0.6333333333333333,0.5833333333333334,0.6333333333333333,0.65,0.8571428571428571,0.8333333333333334
diabetes,nest35_depth2,num_medications,0.6833333333333333,0.6666666666666666,0.7333333333333333,0.7,0.46153846153846156,0.2857142857142857
diabetes,nest35_depth3,num_medications,0.7166666666666667,0.6833333333333333,0.7833333333333333,0.6333333333333333,0.3125,0.23076923076923078
diabetes,nest40_depth1,number_inpatient,0.6253807605384691,0.5863220988503488,0.6155546821263633,0.5811142772919328,0.2,0.5
diabetes,nest40_depth2,number_inpatient,0.6358455340473617,0.6057777341063182,0.6155546821263633,0.5811142772919328,0.16666666666666666,0.25
diabetes,nest40_depth3,number_inpatient,0.6375650977694802,0.6112312076250368,0.6155546821263633,0.5811142772919328,0.16666666666666666,0.25
diabetes,nest5_depth2,num_medications,0.55,0.6,0.55,0.6,1.0,1.0
diabetes,nest5_depth3,num_medications,0.7166666666666667,0.7333333333333333,0.7,0.6666666666666666,0.35714285714285715,0.3333333333333333
diabetes_oversampled,nest100_depth1,number_inpatient,0.6266446431622714,0.5962294241613032,0.6041464942757875,0.5569288602836475,0.16666666666666666,0.4
diabetes_oversampled,nest100_depth2,number_inpatient,0.6320555903628182,0.6089878680868029,0.6041464942757875,0.5569288602836475,0.16666666666666666,0.3333333333333333
diabetes_oversampled,nest100_depth3,number_inpatient,0.6315429743122402,0.6102978868827248,0.6041464942757875,0.5569288602836475,0.16666666666666666,0.3333333333333333
diabetes_oversampled,nest10_depth2,number_inpatient,0.6060260864612406,0.5658142051603349,0.6041464942757875,0.5658142051603349,0.3333333333333333,1.0
diabetes_oversampled,nest10_depth3,number_inpatient,0.6188984450646465,0.5598336845702568,0.6041464942757875,0.5569288602836475,0.2,0.5
diabetes_oversampled,nest15_depth2,number_inpatient,0.6233411175029903,0.5880275673520533,0.6041464942757875,0.5569288602836475,0.16666666666666666,0.4
diabetes_oversampled,nest15_depth3,number_inpatient,0.6274420459076152,0.6010138406333656,0.6041464942757875,0.5569288602836475,0.16666666666666666,0.3333333333333333
diabetes_oversampled,nest200_depth1,number_inpatient,0.6306316568889901,0.6035199635473031,0.6041464942757875,0.5569288602836475,0.16666666666666666,0.3333333333333333
diabetes_oversampled,nest200_depth2,number_inpatient,0.6320555903628182,0.6118926923734123,0.6041464942757875,0.5569288602836475,0.16666666666666666,0.3333333333333333
diabetes_oversampled,nest200_depth3,number_inpatient,0.6315429743122402,0.6132027111693341,0.6041464942757875,0.5569288602836475,0.16666666666666666,0.3333333333333333
diabetes_oversampled,nest20_depth1,number_inpatient,0.6188984450646465,0.5598336845702568,0.6041464942757875,0.5569288602836475,0.2,0.5
diabetes_oversampled,nest20_depth2,number_inpatient,0.6239676482314747,0.5866036338782252,0.6041464942757875,0.5569288602836475,0.16666666666666666,0.4
diabetes_oversampled,nest20_depth3,number_inpatient,0.6261889844506464,0.5981659736857095,0.6041464942757875,0.5569288602836475,0.16666666666666666,0.3333333333333333
diabetes_oversampled,nest25_depth1,number_inpatient,0.6188984450646465,0.5598336845702568,0.6041464942757875,0.5569288602836475,0.2,0.5
diabetes_oversampled,nest25_depth2,number_inpatient,0.627385088568662,0.5975964002961781,0.6041464942757875,0.5569288602836475,0.16666666666666666,0.3333333333333333
diabetes_oversampled,nest25_depth3,number_inpatient,0.6293216380930683,0.6055704277496156,0.6041464942757875,0.5569288602836475,0.16666666666666666,0.3333333333333333
diabetes_oversampled,nest30_depth1,number_inpatient,0.617702340946631,0.5598336845702568,0.6041464942757875,0.5569288602836475,0.2,0.5
diabetes_oversampled,nest30_depth2,number_inpatient,0.6268155151791308,0.6001025232101156,0.6041464942757875,0.5569288602836475,0.16666666666666666,0.3333333333333333
diabetes_oversampled,nest30_depth3,number_inpatient,0.6296633821267871,0.6060260864612406,0.6041464942757875,0.5569288602836475,0.16666666666666666,0.3333333333333333
diabetes_oversampled,nest35_depth1,number_inpatient,0.6196388904710372,0.5807939853050066,0.6041464942757875,0.5569288602836475,0.2,0.4
diabetes_oversampled,nest35_depth2,number_inpatient,0.6288090220424902,0.5995329498205844,0.6041464942757875,0.5569288602836475,0.16666666666666666,0.3333333333333333
diabetes_oversampled,nest35_depth3,number_inpatient,0.630574699550037,0.6048869396821781,0.6041464942757875,0.5569288602836475,0.16666666666666666,0.3333333333333333
diabetes_oversampled,nest40_depth1,number_inpatient,0.6184427863530216,0.5863758045224127,0.6041464942757875,0.5569288602836475,0.16666666666666666,0.3333333333333333
diabetes_oversampled,nest40_depth2,number_inpatient,0.6289798940593495,0.6009568832944124,0.6041464942757875,0.5569288602836475,0.16666666666666666,0.3333333333333333
diabetes_oversampled,nest40_depth3,number_inpatient,0.6296633821267871,0.6077348066298343,0.6041464942757875,0.5569288602836475,0.16666666666666666,0.3333333333333333
diabetes_oversampled,nest5_depth3,number_inpatient,0.6229993734692715,0.5880275673520533,0.6041464942757875,0.5569288602836475,0.16666666666666666,0.4
diabetes_smote,nest100_depth1,number_inpatient,0.6326251637523495,0.6060260864612406,0.5969698695676938,0.5678077120236943,0.2,0.2857142857142857
diabetes_smote,nest100_depth2,number_inpatient,0.6330238651250214,0.615879706100131,0.5969698695676938,0.5678077120236943,0.2,0.2857142857142857
diabetes_smote,nest100_depth3,number_inpatient,0.6325112490744432,0.6128040097966623,0.5969698695676938,0.5678077120236943,0.2,0.2857142857142857
diabetes_smote,nest10_depth2,number_inpatient,0.5993051204647719,0.5656433331434756,0.5969698695676938,0.5656433331434756,0.3333333333333333,1.0
diabetes_smote,nest10_depth3,number_inpatient,0.6123483510850373,0.5801674545765222,0.5969698695676938,0.5656433331434756,0.2,0.4
diabetes_smote,nest15_depth2,number_inpatient,0.6120066070513186,0.5801674545765222,0.5969698695676938,0.5661559491940537,0.2,0.3333333333333333
diabetes_smote,nest15_depth3,number_inpatient,0.6259041977558808,0.6027225608019593,0.5969698695676938,0.5678077120236943,0.2,0.2857142857142857
diabetes_smote,nest200_depth1,number_inpatient,0.6330238651250214,0.6104118015606311,0.5969698695676938,0.5678077120236943,0.2,0.2857142857142857
diabetes_smote,nest200_depth2,number_inpatient,0.6330238651250214,0.6145696873042091,0.5969698695676938,0.5678077120236943,0.2,0.2857142857142857
diabetes_smote,nest200_depth3,number_inpatient,0.6322264623796776,0.615424047388506,0.5969698695676938,0.5678077120236943,0.2,0.2857142857142857
diabetes_smote,nest20_depth2,number_inpatient,0.6212906533006778,0.5914450076892408,0.5969698695676938,0.5678077120236943,0.2,0.25
diabetes_smote,nest20_depth3,number_inpatient,0.627385088568662,0.608532209375178,0.5969698695676938,0.5678077120236943,0.2,0.2857142857142857
diabetes_smote,nest25_depth1,number_inpatient,0.6124622657629436,0.5670103092783505,0.5969698695676938,0.5656433331434756,0.2,0.5
diabetes_smote,nest25_depth2,number_inpatient,0.6262459417895996,0.5981659736857095,0.5969698695676938,0.5678077120236943,0.2,0.2857142857142857
diabetes_smote,nest25_depth3,number_inpatient,0.626872472518084,0.6113800763228342,0.5969698695676938,0.5678077120236943,0.2,0.2857142857142857
diabetes_smote,nest30_depth1,number_inpatient,0.6123483510850373,0.5801674545765222,0.5969698695676938,0.5656433331434756,0.2,0.4
diabetes_smote,nest30_depth2,number_inpatient,0.6243093922651933,0.607165233240303,0.5969698695676938,0.5678077120236943,0.2,0.2857142857142857
diabetes_smote,nest30_depth3,number_inpatient,0.6338212678703651,0.6089309107478499,0.5969698695676938,0.5678077120236943,0.2,0.2857142857142857
diabetes_smote,nest35_depth1,number_inpatient,0.6056843424275218,0.5657572478213818,0.5969698695676938,0.5656433331434756,0.25,0.6666666666666666
diabetes_smote,nest35_depth2,number_inpatient,0.6274420459076152,0.6077348066298343,0.5969698695676938,0.5678077120236943,0.2,0.2857142857142857
diabetes_smote,nest35_depth3,number_inpatient,0.6335934385145526,0.6113800763228342,0.5969698695676938,0.5678077120236943,0.2,0.2857142857142857
diabetes_smote,nest40_depth1,number_inpatient,0.6123483510850373,0.5801674545765222,0.5969698695676938,0.5656433331434756,0.2,0.4
diabetes_smote,nest40_depth2,number_inpatient,0.6309734009227089,0.6077348066298343,0.5969698695676938,0.5678077120236943,0.2,0.2857142857142857
diabetes_smote,nest40_depth3,number_inpatient,0.6330808224639745,0.6116648630175998,0.5969698695676938,0.5678077120236943,0.2,0.2857142857142857
diabetes_smote,nest5_depth2,number_inpatient,0.5969698695676938,0.5460500085436009,0.5969698695676938,0.5460500085436009,0.5,1.0
diabetes_smote,nest5_depth3,number_inpatient,0.6068804465455374,0.5716808110725067,0.5969698695676938,0.5661559491940537,0.2,0.5
diabetes_tomek,nest100_depth1,number_inpatient,0.6367562380038387,0.6120098711269537,0.6024814916369619,0.572662462297779,0.2,0.25
diabetes_tomek,nest100_depth2,number_inpatient,0.6439539347408829,0.6255141211955032,0.6024814916369619,0.572662462297779,0.16666666666666666,0.25
diabetes_tomek,nest100_depth3,number_inpatient,0.646147518508363,0.6268851110501782,0.6024814916369619,0.572662462297779,0.16666666666666666,0.25
diabetes_tomek,nest10_depth2,number_inpatient,0.6170139840965176,0.5769810803400055,0.6024814916369619,0.572662462297779,0.16666666666666666,0.5
diabetes_tomek,nest10_depth3,number_inpatient,0.6251713737318344,0.5941870030161777,0.6024814916369619,0.572662462297779,0.16666666666666666,0.25
diabetes_tomek,nest15_depth2,number_inpatient,0.6224293940224842,0.5882917466410749,0.6024814916369619,0.572662462297779,0.16666666666666666,0.2857142857142857
diabetes_tomek,nest15_depth3,number_inpatient,0.6403893611187277,0.6124211680833562,0.6024814916369619,0.572662462297779,0.16666666666666666,0.25
diabetes_tomek,nest200_depth1,number_inpatient,0.6427885933644091,0.622772141486153,0.6024814916369619,0.572662462297779,0.2,0.25
diabetes_tomek,nest200_depth2,number_inpatient,0.6458047710446942,0.626953660542912,0.6024814916369619,0.572662462297779,0.16666666666666666,0.25
diabetes_tomek,nest200_depth3,number_inpatient,0.6452563751028242,0.6261996161228407,0.6024814916369619,0.572662462297779,0.16666666666666666,0.25
diabetes_tomek,nest20_depth1,number_inpatient,0.6041266794625719,0.5706059775157664,0.6024814916369619,0.5706059775157664,0.3333333333333333,1.0
diabetes_tomek,nest20_depth2,number_inpatient,0.6162599396764464,0.586852207293666,0.6024814916369619,0.5706059775157664,0.2,0.4
diabetes_tomek,nest20_depth3,number_inpatient,0.6373731834384425,0.617493830545654,0.6024814916369619,0.572662462297779,0.16666666666666666,0.2222222222222222
diabetes_tomek,nest25_depth1,number_inpatient,0.6165341376473814,0.586852207293666,0.6024814916369619,0.5706059775157664,0.2,0.4
diabetes_tomek,nest25_depth2,number_inpatient,0.6338086098162874,0.610775980257746,0.6024814916369619,0.572662462297779,0.16666666666666666,0.2222222222222222
diabetes_tomek,nest25_depth3,number_inpatient,0.6421716479298053,0.6226350425006855,0.6024814916369619,0.572662462297779,0.16666666666666666,0.25
diabetes_tomek,nest30_depth1,number_inpatient,0.6153687962709076,0.5876062517137374,0.6024814916369619,0.5706059775157664,0.2,0.3333333333333333
diabetes_tomek,nest30_depth2,number_inpatient,0.6318206745270085,0.6120784206196874,0.6024814916369619,0.572662462297779,0.16666666666666666,0.25
diabetes_tomek,nest30_depth3,number_inpatient,0.6424458459007404,0.6225664930079517,0.6024814916369619,0.572662462297779,0.16666666666666666,0.25
diabetes_tomek,nest35_depth1,number_inpatient,0.6168083356183164,0.5884288456265424,0.6024814916369619,0.5706059775157664,0.2,0.2857142857142857
diabetes_tomek,nest35_depth2,number_inpatient,0.6338771593090211,0.6135179599670962,0.6024814916369619,0.572662462297779,0.16666666666666666,0.2222222222222222
diabetes_tomek,nest35_depth3,number_inpatient,0.6415547024952015,0.6251713737318344,0.6024814916369619,0.572662462297779,0.16666666666666666,0.25
diabetes_tomek,nest40_depth1,number_inpatient,0.6165341376473814,0.586852207293666,0.6024814916369619,0.5706059775157664,0.2,0.4
diabetes_tomek,nest40_depth2,number_inpatient,0.6403893611187277,0.617493830545654,0.6024814916369619,0.572662462297779,0.16666666666666666,0.25
diabetes_tomek,nest40_depth3,number_inpatient,0.6431998903208116,0.6247600767754319,0.6024814916369619,0.572662462297779,0.16666666666666666,0.25
diabetes_tomek,nest5_depth2,number_inpatient,0.6041266794625719,0.5706059775157664,0.6024814916369619,0.5706059775157664,0.3333333333333333,1.0
diabetes_tomek,nest5_depth3,number_inpatient,0.6116671236632849,0.5706059775157664,0.6024814916369619,0.5706059775157664,0.25,0.6666666666666666
diabetes_undersampled,nest100_depth1,number_inpatient,0.6272236658005197,0.5965753881004731,0.6028382970217869,0.5590645612632421,0.2,0.4
diabetes_undersampled,nest100_depth2,number_inpatient,0.6270904124192151,0.6109667532813645,0.6028382970217869,0.5590645612632421,0.2,0.3333333333333333
diabetes_undersampled,nest100_depth3,number_inpatient,0.6272236658005197,0.6091678326337531,0.6028382970217869,0.5590645612632421,0.2,0.3333333333333333
diabetes_undersampled,nest10_depth2,number_inpatient,0.6054367379572256,0.556399493637151,0.6028382970217869,0.556399493637151,0.3333333333333333,1.0
diabetes_undersampled,nest10_depth3,number_inpatient,0.6182956892531148,0.5599307082417216,0.6028382970217869,0.5598640815510694,0.2,0.5
diabetes_undersampled,nest15_depth2,number_inpatient,0.6205609967352922,0.5776534079552269,0.6028382970217869,0.5590645612632421,0.2,0.4
diabetes_undersampled,nest15_depth3,number_inpatient,0.6229595575987741,0.5850489706176294,0.6028382970217869,0.5590645612632421,0.2,0.3333333333333333
diabetes_undersampled,nest200_depth1,number_inpatient,0.6255579985342128,0.6037710706909187,0.6028382970217869,0.5590645612632421,0.2,0.3333333333333333
diabetes_undersampled,nest200_depth2,number_inpatient,0.6271570391098674,0.6102338596841895,0.6028382970217869,0.5590645612632421,0.2,0.3333333333333333
diabetes_undersampled,nest200_depth3,number_inpatient,0.6273569191818242,0.6091012059431008,0.6028382970217869,0.5590645612632421,0.2,0.3333333333333333
diabetes_undersampled,nest20_depth1,number_inpatient,0.6182956892531148,0.5599307082417216,0.6028382970217869,0.5598640815510694,0.2,0.5
diabetes_undersampled,nest20_depth2,number_inpatient,0.6197614764474648,0.5787860616963155,0.6028382970217869,0.5590645612632421,0.2,0.4
diabetes_undersampled,nest20_depth3,number_inpatient,0.6252914917716037,0.5968418948630821,0.6028382970217869,0.5590645612632421,0.2,0.3333333333333333
diabetes_undersampled,nest25_depth1,number_inpatient,0.6182956892531148,0.5599307082417216,0.6028382970217869,0.5598640815510694,0.2,0.5
diabetes_undersampled,nest25_depth2,number_inpatient,0.6238257045772536,0.5913118795389433,0.6028382970217869,0.5590645612632421,0.2,0.3333333333333333
diabetes_undersampled,nest25_depth3,number_inpatient,0.6260243853687787,0.6009061229928709,0.6028382970217869,0.5590645612632421,0.2,0.3333333333333333
diabetes_undersampled,nest30_depth1,number_inpatient,0.6158971283896328,0.5599307082417216,0.6028382970217869,0.5598640815510694,0.2,0.5
diabetes_undersampled,nest30_depth2,number_inpatient,0.6229595575987741,0.5943100806182957,0.6028382970217869,0.5590645612632421,0.2,0.3333333333333333
diabetes_undersampled,nest30_depth3,number_inpatient,0.6272236658005197,0.6053701112665734,0.6028382970217869,0.5590645612632421,0.2,0.3333333333333333
diabetes_undersampled,nest35_depth1,number_inpatient,0.6185621960157239,0.5761209940702245,0.6028382970217869,0.5598640815510694,0.2,0.4
diabetes_undersampled,nest35_depth2,number_inpatient,0.6228263042174695,0.5944433339996003,0.6028382970217869,0.5590645612632421,0.2,0.3333333333333333
diabetes_undersampled,nest35_depth3,number_inpatient,0.6272236658005197,0.6074355386767939,0.6028382970217869,0.5590645612632421,0.2,0.3333333333333333
diabetes_undersampled,nest40_depth1,number_inpatient,0.6190285828502898,0.5843827037111067,0.6028382970217869,0.5590645612632421,0.2,0.4
diabetes_undersampled,nest40_depth2,number_inpatient,0.6242254647211672,0.5993737091078686,0.6028382970217869,0.5590645612632421,0.2,0.3333333333333333
diabetes_undersampled,nest40_depth3,number_inpatient,0.6264907722033447,0.608168432273969,0.6028382970217869,0.5590645612632421,0.2,0.3333333333333333
diabetes_undersampled,nest5_depth2,number_inpatient,0.6028382970217869,0.5421413818375641,0.6028382970217869,0.5421413818375641,0.5,1.0
diabetes_undersampled,nest5_depth3,number_inpatient,0.6206276234259445,0.5781864214804451,0.6028382970217869,0.5590645612632421,0.2,0.4
heloc_original,nest100_depth1,ExternalRiskEstimate,0.7299235181644359,0.6988527724665392,0.7031548757170172,0.6797323135755258,0.16666666666666666,0.6
heloc_original,nest100_depth2,ExternalRiskEstimate,0.7289674952198852,0.7222753346080306,0.7031548757170172,0.6921606118546845,0.2,0.5
heloc_original,nest100_depth3,ExternalRiskEstimate,0.7280114722753346,0.7174952198852772,0.7031548757170172,0.6969407265774379,0.2,0.5
heloc_original,nest10_depth2,ExternalRiskEstimate,0.722753346080306,0.6677820267686424,0.7031548757170172,0.6548757170172084,0.2,0.5
heloc_original,nest10_depth3,ExternalRiskEstimate,0.7237093690248566,0.6735181644359465,0.7031548757170172,0.6582217973231358,0.2,0.5
heloc_original,nest15_depth1,ExternalRiskEstimate,0.7184512428298279,0.6457934990439771,0.7031548757170172,0.6472275334608031,0.3333333333333333,0.5
heloc_original,nest15_depth2,ExternalRiskEstimate,0.7265774378585086,0.7050669216061185,0.7031548757170172,0.6835564053537285,0.2,0.6
heloc_original,nest15_depth3,ExternalRiskEstimate,0.7256214149139579,0.7151051625239006,0.7031548757170172,0.6916826003824091,0.2,0.6
heloc_original,nest200_depth1,ExternalRiskEstimate,0.7294455066921606,0.719885277246654,0.7031548757170172,0.6921606118546845,0.2,0.5
heloc_original,nest200_depth2,ExternalRiskEstimate,0.7265774378585086,0.7179732313575525,0.7031548757170172,0.6955066921606119,0.2,0.5
heloc_original,nest200_depth3,ExternalRiskEstimate,0.7265774378585086,0.7237093690248566,0.7031548757170172,0.6969407265774379,0.2,0.5
heloc_original,nest20_depth1,ExternalRiskEstimate,0.7174952198852772,0.6472275334608031,0.7031548757170172,0.6472275334608031,0.3333333333333333,0.5
heloc_original,nest20_depth2,ExternalRiskEstimate,0.7251434034416826,0.7160611854684512,0.7031548757170172,0.6935946462715105,0.2,0.6
heloc_original,nest20_depth3,ExternalRiskEstimate,0.7222753346080306,0.7103250478011472,0.7031548757170172,0.6811663479923518,0.2,0.6
heloc_original,nest25_depth1,ExternalRiskEstimate,0.7222753346080306,0.6792543021032504,0.7031548757170172,0.6653919694072657,0.2,0.5
heloc_original,nest25_depth2,ExternalRiskEstimate,0.7308795411089866,0.7146271510516252,0.7031548757170172,0.6916826003824091,0.2,0.6
heloc_original,nest25_depth3,ExternalRiskEstimate,0.7284894837476099,0.7151051625239006,0.7031548757170172,0.6916826003824091,0.2,0.6
heloc_original,nest30_depth1,ExternalRiskEstimate,0.7203632887189293,0.6668260038240917,0.7031548757170172,0.6658699808795411,0.2,0.75
heloc_original,nest30_depth2,ExternalRiskEstimate,0.7246653919694073,0.7088910133843213,0.7031548757170172,0.6916826003824091,0.2,0.6
heloc_original,nest30_depth3,ExternalRiskEstimate,0.7280114722753346,0.7174952198852772,0.7031548757170172,0.6916826003824091,0.2,0.6
heloc_original,nest35_depth1,ExternalRiskEstimate,0.731357552581262,0.6854684512428298,0.7031548757170172,0.6653919694072657,0.2,0.5
heloc_original,nest35_depth2,ExternalRiskEstimate,0.7260994263862333,0.7060229445506692,0.7031548757170172,0.6921606118546845,0.2,0.5
heloc_original,nest35_depth3,ExternalRiskEstimate,0.7246653919694073,0.7189292543021033,0.7031548757170172,0.6916826003824091,0.2,0.5
heloc_original,nest40_depth1,ExternalRiskEstimate,0.7304015296367112,0.6854684512428298,0.7031548757170172,0.6653919694072657,0.2,0.5
heloc_original,nest40_depth2,ExternalRiskEstimate,0.7251434034416826,0.7165391969407265,0.7031548757170172,0.6921606118546845,0.2,0.5
heloc_original,nest40_depth3,ExternalRiskEstimate,0.7270554493307839,0.7184512428298279,0.7031548757170172,0.6916826003824091,0.2,0.5
heloc_original,nest5_depth3,ExternalRiskEstimate,0.7217973231357553,0.6830783938814532,0.7031548757170172,0.6639579349904398,0.2,0.4
spambase,nest100_depth1,char_freq_$,0.9370249728555917,0.9261672095548317,0.8935939196525515,0.8935939196525515,0.4,0.2727272727272727
spambase,nest100_depth2,char_freq_$,0.9326818675352877,0.9283387622149837,0.8762214983713354,0.8935939196525515,0.5,0.36363636363636365
spambase,nest100_depth3,char_freq_$,0.9305103148751357,0.9315960912052117,0.8762214983713354,0.8935939196525515,0.5,0.3333333333333333
spambase,nest10_depth1,char_freq_$,0.8707926167209555,0.8707926167209555,0.8794788273615635,0.8729641693811075,0.8,1.0
spambase,nest10_depth2,char_freq_$,0.8946796959826275,0.8783930510314875,0.8686210640608035,0.8664495114006515,0.5555555555555556,0.5
spambase,nest10_depth3,char_freq_$,0.9142236699239956,0.9131378935939196,0.8838219326818675,0.8870792616720955,0.45454545454545453,0.5
spambase,nest15_depth1,char_freq_$,0.8816503800217155,0.8859934853420195,0.8577633007600435,0.8718783930510315,0.6666666666666666,0.8
spambase,nest15_depth2,char_freq_$,0.9044516829533116,0.8968512486427795,0.8762214983713354,0.8849077090119435,0.5,0.5
spambase,nest15_depth3,char_freq_$,0.9196525515743756,0.9250814332247557,0.8794788273615635,0.8816503800217155,0.45454545454545453,0.45454545454545453
spambase,nest200_depth1,char_freq_$,0.9370249728555917,0.9294245385450597,0.8935939196525515,0.8935939196525515,0.4,0.25
spambase,nest200_depth2,char_freq_$,0.9326818675352877,0.9326818675352877,0.8762214983713354,0.8935939196525515,0.5,0.36363636363636365
spambase,nest200_depth3,char_freq_$,0.9337676438653637,0.9294245385450597,0.8762214983713354,0.8935939196525515,0.5,0.3333333333333333
spambase,nest20_depth1,char_freq_$,0.9066232356134636,0.8968512486427795,0.8729641693811075,0.8718783930510315,0.7142857142857143,0.6666666666666666
spambase,nest20_depth2,char_freq_$,0.9109663409337676,0.9044516829533116,0.8762214983713354,0.8870792616720955,0.5,0.5
spambase,nest20_depth3,char_freq_$,0.9305103148751357,0.9250814332247557,0.8762214983713354,0.8925081433224755,0.5,0.3333333333333333
spambase,nest25_depth1,char_freq_$,0.9033659066232356,0.8957654723127035,0.8935939196525515,0.8794788273615635,0.5,0.5714285714285714
spambase,nest25_depth2,char_freq_$,0.9239956568946797,0.9153094462540716,0.8762214983713354,0.8925081433224755,0.5,0.36363636363636365
spambase,nest25_depth3,char_freq_$,0.9315960912052117,0.9229098805646037,0.8762214983713354,0.8925081433224755,0.5,0.3333333333333333
spambase,nest30_depth1,char_freq_$,0.9098805646036916,0.9044516829533116,0.8935939196525515,0.8838219326818675,0.4444444444444444,0.5555555555555556
spambase,nest30_depth2,char_freq_$,0.9207383279044516,0.9174809989142236,0.8762214983713354,0.8925081433224755,0.5,0.36363636363636365
spambase,nest30_depth3,char_freq_$,0.9305103148751357,0.9250814332247557,0.8762214983713354,0.8925081433224755,0.5,0.3333333333333333
spambase,nest35_depth1,char_freq_$,0.9185667752442996,0.9087947882736156,0.8935939196525515,0.8849077090119435,0.4444444444444444,0.4444444444444444
spambase,nest35_depth2,char_freq_$,0.9239956568946797,0.9153094462540716,0.8762214983713354,0.8925081433224755,0.5,0.36363636363636365
spambase,nest35_depth3,char_freq_$,0.9359391965255157,0.9272529858849077,0.8762214983713354,0.8935939196525515,0.5,0.3333333333333333
spambase,nest40_depth1,char_freq_$,0.9185667752442996,0.9087947882736156,0.8935939196525515,0.8849077090119435,0.4444444444444444,0.4444444444444444
spambase,nest40_depth2,char_freq_$,0.9294245385450597,0.9283387622149837,0.8762214983713354,0.8925081433224755,0.5,0.36363636363636365
spambase,nest40_depth3,char_freq_$,0.9348534201954397,0.9261672095548317,0.8762214983713354,0.8935939196525515,0.5,0.3333333333333333
spambase,nest5_depth1,char_freq_$,0.8349619978284474,0.8295331161780674,0.8317046688382194,0.8295331161780674,0.6666666666666666,1.0
spambase,nest5_depth2,char_freq_$,0.8968512486427795,0.8892508143322475,0.8729641693811075,0.8881650380021715,0.7142857142857143,0.8333333333333334
spambase,nest5_depth3,char_freq_$,0.9131378935939196,0.9153094462540716,0.8827361563517915,0.8859934853420195,0.625,0.5555555555555556
